campaign_id,channel_id,campaign_type,start_date,end_date,user_id,login_at,login_interval,purchase_date,purchase_amount,purchase_items,click_date,click_count,conversion_rate,score,is_successful,weekday,time_of_day,week_of_month
CAMP_2,SNS,Discount,2024-06-24,2024-06-26,USER_221,2024-06-29,15,2024-07-03,0.0,0,2024-06-27,5,20.0,3.67,False,Saturday,Afternoon,5
CAMP_5,Search Engine,Points Reward,2024-06-06,2024-06-13,USER_370,2024-06-22,20,2024-06-22,0.0,0,2024-06-22,3,33.33,29.67,True,Saturday,Afternoon,4
CAMP_7,Display Ads,Free Shipping,2024-06-15,2024-06-19,USER_271,2024-06-17,16,2024-06-22,0.0,0,2024-06-16,5,20.0,6.58,True,Monday,Morning,3
CAMP_6,Affiliates,Free Shipping,2024-06-18,2024-06-19,USER_610,2024-06-18,1,2024-06-18,0.0,0,2024-06-16,7,14.29,3.48,True,Tuesday,Evening,3
CAMP_7,Search Engine,Discount,2024-06-18,2024-06-25,USER_734,2024-06-03,8,2024-06-07,39.94,5,2024-06-01,8,0.0,1.34,False,Monday,Morning,1
CAMP_8,SNS,Discount,2024-06-07,2024-06-12,USER_816,2024-06-17,10,2024-06-17,312.75,8,2024-06-15,3,33.33,7.12,True,Monday,Morning,3
CAMP_1,Affiliates,Discount,2024-06-20,2024-06-27,USER_854,2024-06-23,3,2024-06-27,121.16,7,2024-06-21,1,100.0,3.72,True,Sunday,Evening,4
CAMP_3,Email,Bundle Offer,2024-06-30,2024-07-01,USER_460,2024-06-07,23,2024-06-11,0.0,0,2024-06-07,8,12.5,12.97,True,Friday,Afternoon,1
CAMP_1,Affiliates,Points Reward,2024-06-25,2024-06-30,USER_407,2024-06-03,25,2024-06-05,251.65,9,2024-06-01,5,20.0,5.26,True,Monday,Evening,1
CAMP_9,Affiliates,Free Shipping,2024-06-15,2024-06-21,USER_312,2024-06-18,15,2024-06-22,0.0,0,2024-06-16,2,50.0,8.28,True,Tuesday,Afternoon,3
CAMP_5,SNS,Free Shipping,2024-06-19,2024-06-21,USER_265,2024-06-14,23,2024-06-14,390.6,2,2024-06-13,8,12.5,11.93,True,Friday,Morning,2
CAMP_7,Email,Discount,2024-06-26,2024-06-27,USER_286,2024-06-23,3,2024-06-25,0.0,0,2024-06-21,7,14.29,7.65,True,Sunday,Morning,4
CAMP_5,Display Ads,Points Reward,2024-06-27,2024-07-02,USER_513,2024-06-23,12,2024-06-24,318.86,2,2024-06-22,5,20.0,17.46,True,Sunday,Morning,4
CAMP_4,Affiliates,Bundle Offer,2024-06-24,2024-07-01,USER_607,2024-06-27,26,2024-06-27,133.3,9,2024-06-25,3,33.33,8.17,True,Thursday,Evening,4
CAMP_9,Affiliates,Bundle Offer,2024-06-13,2024-06-20,USER_687,2024-06-01,12,2024-06-05,430.67,1,2024-05-31,6,16.67,22.34,True,Saturday,Morning,1
CAMP_8,Affiliates,Points Reward,2024-06-29,2024-07-04,USER_299,2024-06-23,28,2024-06-23,338.56,6,2024-06-23,3,33.33,16.16,True,Sunday,Evening,4
CAMP_7,Affiliates,Points Reward,2024-06-16,2024-06-18,USER_677,2024-06-07,21,2024-06-11,358.42,10,2024-06-06,1,100.0,23.15,True,Friday,Morning,1
CAMP_3,Affiliates,Bundle Offer,2024-06-27,2024-06-30,USER_190,2024-06-27,8,2024-06-29,0.0,0,2024-06-25,8,12.5,5.06,True,Thursday,Afternoon,4
CAMP_6,SNS,Free Shipping,2024-06-30,2024-07-03,USER_840,2024-06-18,7,2024-06-19,206.43,2,2024-06-18,9,11.11,4.21,True,Tuesday,Evening,3
CAMP_6,Email,Points Reward,2024-06-11,2024-06-15,USER_198,2024-06-15,8,2024-06-20,0.0,0,2024-06-15,8,12.5,21.84,True,Saturday,Morning,3
CAMP_9,Display Ads,Points Reward,2024-06-19,2024-06-26,USER_505,2024-06-12,6,2024-06-14,0.0,0,2024-06-11,8,12.5,16.05,True,Wednesday,Evening,2
CAMP_9,Search Engine,Discount,2024-06-06,2024-06-13,USER_102,2024-06-19,26,2024-06-24,363.14,10,2024-06-18,4,25.0,27.99,True,Wednesday,Morning,3
CAMP_6,SNS,Discount,2024-06-02,2024-06-07,USER_635,2024-06-03,24,2024-06-03,0.0,0,2024-06-01,9,11.11,2.98,True,Monday,Morning,1
CAMP_2,Search Engine,Discount,2024-06-11,2024-06-14,USER_392,2024-06-02,27,2024-06-07,409.33,8,2024-05-31,4,25.0,9.85,True,Sunday,Evening,1
CAMP_6,Search Engine,Discount,2024-06-08,2024-06-11,USER_654,2024-06-11,14,2024-06-16,52.51,2,2024-06-11,1,100.0,1.11,False,Tuesday,Afternoon,2
CAMP_6,Display Ads,Free Shipping,2024-06-30,2024-07-01,USER_532,2024-06-20,4,2024-06-20,0.0,0,2024-06-18,2,50.0,17.2,True,Thursday,Evening,3
CAMP_1,Search Engine,Points Reward,2024-06-26,2024-07-02,USER_559,2024-06-02,16,2024-06-06,0.0,0,2024-05-31,8,12.5,32.64,True,Sunday,Morning,1
CAMP_4,Affiliates,Free Shipping,2024-06-23,2024-06-28,USER_930,2024-06-26,28,2024-07-01,122.49,3,2024-06-25,10,10.0,4.45,True,Wednesday,Afternoon,4
CAMP_1,Email,Points Reward,2024-06-25,2024-06-27,USER_80,2024-06-17,1,2024-06-21,354.98,3,2024-06-16,8,12.5,25.59,True,Monday,Afternoon,3
CAMP_9,Email,Bundle Offer,2024-06-30,2024-07-01,USER_991,2024-06-17,14,2024-06-20,0.0,0,2024-06-17,7,14.29,19.24,True,Monday,Evening,3
CAMP_6,Search Engine,Free Shipping,2024-06-05,2024-06-08,USER_761,2024-06-23,12,2024-06-28,0.0,0,2024-06-22,5,20.0,9.3,True,Sunday,Evening,4
CAMP_3,Affiliates,Points Reward,2024-06-09,2024-06-12,USER_944,2024-06-20,3,2024-06-24,374.74,4,2024-06-19,4,25.0,13.66,True,Thursday,Evening,3
CAMP_10,Affiliates,Points Reward,2024-06-12,2024-06-16,USER_846,2024-06-03,12,2024-06-06,0.0,0,2024-06-03,1,0.0,1.04,False,Monday,Evening,1
CAMP_1,Search Engine,Bundle Offer,2024-06-03,2024-06-04,USER_426,2024-06-15,26,2024-06-17,330.18,6,2024-06-14,10,10.0,9.9,True,Saturday,Morning,3
CAMP_4,Email,Bundle Offer,2024-06-09,2024-06-11,USER_123,2024-06-08,23,2024-06-11,0.0,0,2024-06-06,4,25.0,2.01,False,Saturday,Afternoon,2
CAMP_10,Display Ads,Bundle Offer,2024-06-10,2024-06-12,USER_819,2024-06-28,18,2024-07-02,24.94,8,2024-06-26,5,0.0,0.57,False,Friday,Evening,4
CAMP_3,SNS,Discount,2024-06-24,2024-06-30,USER_687,2024-06-25,15,2024-06-27,0.0,0,2024-06-24,3,33.33,10.38,True,Tuesday,Evening,4
CAMP_5,Affiliates,Free Shipping,2024-06-19,2024-06-25,USER_33,2024-06-28,17,2024-07-01,327.38,5,2024-06-26,8,12.5,18.37,True,Friday,Morning,4
CAMP_3,Display Ads,Discount,2024-06-27,2024-06-29,USER_304,2024-06-24,8,2024-06-25,491.45,4,2024-06-24,2,50.0,18.39,True,Monday,Morning,4
CAMP_1,Email,Free Shipping,2024-06-24,2024-06-26,USER_662,2024-06-17,5,2024-06-18,325.28,7,2024-06-15,3,33.33,7.48,True,Monday,Morning,3
CAMP_9,Email,Free Shipping,2024-06-27,2024-07-02,USER_702,2024-06-01,18,2024-06-02,0.0,0,2024-05-30,2,50.0,5.54,True,Saturday,Afternoon,1
CAMP_10,Display Ads,Free Shipping,2024-06-05,2024-06-11,USER_405,2024-06-02,27,2024-06-04,47.12,8,2024-06-02,8,0.0,2.18,False,Sunday,Morning,1
CAMP_5,Search Engine,Bundle Offer,2024-06-04,2024-06-09,USER_567,2024-06-14,10,2024-06-14,84.27,7,2024-06-14,7,14.29,1.83,False,Friday,Evening,2
CAMP_4,Affiliates,Points Reward,2024-06-25,2024-06-29,USER_590,2024-06-14,10,2024-06-16,469.04,3,2024-06-14,6,16.67,9.39,True,Friday,Evening,2
CAMP_5,Affiliates,Free Shipping,2024-06-06,2024-06-11,USER_301,2024-06-02,12,2024-06-04,0.0,0,2024-06-02,2,50.0,14.11,True,Sunday,Afternoon,1
CAMP_9,Affiliates,Free Shipping,2024-06-20,2024-06-22,USER_191,2024-06-17,23,2024-06-22,216.38,6,2024-06-16,8,12.5,6.15,True,Monday,Evening,3
CAMP_3,Display Ads,Points Reward,2024-06-03,2024-06-06,USER_814,2024-06-29,15,2024-06-29,358.94,4,2024-06-28,6,16.67,21.15,True,Saturday,Evening,5
CAMP_9,Affiliates,Points Reward,2024-06-19,2024-06-21,USER_268,2024-06-01,4,2024-06-05,158.18,5,2024-05-31,5,20.0,11.93,True,Saturday,Evening,1
CAMP_2,Display Ads,Bundle Offer,2024-06-13,2024-06-17,USER_843,2024-06-25,11,2024-06-25,254.24,3,2024-06-25,10,10.0,14.06,True,Tuesday,Morning,4
CAMP_2,SNS,Bundle Offer,2024-06-28,2024-07-05,USER_445,2024-06-24,8,2024-06-29,0.0,0,2024-06-23,4,25.0,3.95,True,Monday,Evening,4
CAMP_10,Display Ads,Free Shipping,2024-06-13,2024-06-18,USER_507,2024-06-27,10,2024-06-30,270.2,10,2024-06-26,4,25.0,9.51,True,Thursday,Morning,4
CAMP_7,SNS,Bundle Offer,2024-06-16,2024-06-22,USER_722,2024-06-03,30,2024-06-06,0.0,0,2024-06-02,2,50.0,10.66,True,Monday,Morning,1
CAMP_4,Search Engine,Free Shipping,2024-06-28,2024-06-29,USER_777,2024-06-02,28,2024-06-03,181.08,3,2024-06-02,4,25.0,4.81,True,Sunday,Evening,1
CAMP_9,SNS,Points Reward,2024-06-27,2024-07-04,USER_229,2024-06-26,2,2024-06-30,91.3,8,2024-06-25,6,16.67,3.3,False,Wednesday,Morning,4
CAMP_7,Search Engine,Discount,2024-06-21,2024-06-26,USER_518,2024-06-09,24,2024-06-12,38.22,10,2024-06-07,7,0.0,2.01,False,Sunday,Afternoon,2
CAMP_9,Search Engine,Free Shipping,2024-06-12,2024-06-13,USER_436,2024-06-06,21,2024-06-09,443.8,8,2024-06-05,10,10.0,13.6,True,Thursday,Evening,1
CAMP_2,Search Engine,Discount,2024-06-11,2024-06-17,USER_975,2024-06-19,9,2024-06-19,269.9,10,2024-06-17,9,11.11,6.27,True,Wednesday,Morning,3
CAMP_1,Display Ads,Discount,2024-06-02,2024-06-09,USER_54,2024-06-14,29,2024-06-15,236.89,6,2024-06-12,7,14.29,5.48,True,Friday,Evening,2
CAMP_9,Display Ads,Discount,2024-06-30,2024-07-04,USER_656,2024-06-14,10,2024-06-15,36.67,2,2024-06-12,2,0.0,0.92,False,Friday,Evening,2
CAMP_9,Affiliates,Free Shipping,2024-06-27,2024-06-28,USER_262,2024-06-22,26,2024-06-23,330.64,4,2024-06-22,5,20.0,9.46,True,Saturday,Evening,4
CAMP_5,Affiliates,Points Reward,2024-06-12,2024-06-16,USER_607,2024-06-13,15,2024-06-14,0.0,0,2024-06-11,7,14.29,8.09,True,Thursday,Morning,2
CAMP_2,Search Engine,Bundle Offer,2024-06-26,2024-07-02,USER_842,2024-06-27,16,2024-06-27,162.97,6,2024-06-25,7,14.29,12.0,True,Thursday,Morning,4
CAMP_10,Email,Bundle Offer,2024-06-11,2024-06-16,USER_978,2024-06-11,22,2024-06-13,83.93,9,2024-06-09,10,10.0,2.7,False,Tuesday,Afternoon,2
CAMP_4,SNS,Bundle Offer,2024-06-17,2024-06-21,USER_239,2024-06-26,11,2024-06-27,130.66,5,2024-06-24,4,25.0,2.72,True,Wednesday,Evening,4
CAMP_6,Affiliates,Bundle Offer,2024-06-01,2024-06-05,USER_248,2024-06-30,1,2024-07-05,118.8,5,2024-06-30,2,50.0,3.71,True,Sunday,Morning,5
CAMP_1,Display Ads,Discount,2024-06-11,2024-06-15,USER_285,2024-06-09,27,2024-06-13,207.22,3,2024-06-09,1,100.0,20.63,True,Sunday,Afternoon,2
CAMP_8,Search Engine,Discount,2024-06-13,2024-06-17,USER_839,2024-06-22,20,2024-06-25,0.0,0,2024-06-20,6,16.67,8.78,True,Saturday,Afternoon,4
CAMP_4,Email,Discount,2024-06-05,2024-06-10,USER_161,2024-06-07,1,2024-06-11,0.0,0,2024-06-06,7,14.29,2.91,True,Friday,Evening,1
CAMP_2,SNS,Bundle Offer,2024-06-05,2024-06-09,USER_410,2024-06-23,4,2024-06-26,347.03,7,2024-06-21,6,16.67,9.25,True,Sunday,Evening,4
CAMP_10,SNS,Discount,2024-06-02,2024-06-03,USER_982,2024-06-23,14,2024-06-27,477.45,10,2024-06-21,9,11.11,13.8,True,Sunday,Evening,4
CAMP_8,Search Engine,Free Shipping,2024-06-23,2024-06-28,USER_161,2024-06-24,10,2024-06-26,56.23,7,2024-06-24,6,16.67,1.7,False,Monday,Afternoon,4
CAMP_5,SNS,Free Shipping,2024-06-01,2024-06-07,USER_690,2024-06-25,12,2024-06-26,0.0,0,2024-06-25,10,0.0,0.46,False,Tuesday,Evening,4
CAMP_3,SNS,Points Reward,2024-06-23,2024-06-27,USER_852,2024-06-01,27,2024-06-06,0.0,0,2024-05-31,8,12.5,10.17,True,Saturday,Afternoon,1
CAMP_5,Search Engine,Free Shipping,2024-06-24,2024-06-28,USER_729,2024-06-13,29,2024-06-18,0.0,0,2024-06-12,5,20.0,19.42,True,Thursday,Morning,2
CAMP_4,Affiliates,Discount,2024-06-01,2024-06-08,USER_58,2024-06-29,20,2024-06-30,182.48,4,2024-06-29,1,100.0,5.83,True,Saturday,Morning,5
CAMP_8,Affiliates,Bundle Offer,2024-06-01,2024-06-07,USER_476,2024-06-02,12,2024-06-06,0.0,0,2024-06-02,9,11.11,6.2,True,Sunday,Morning,1
CAMP_8,SNS,Free Shipping,2024-06-14,2024-06-18,USER_105,2024-06-28,28,2024-07-01,72.28,3,2024-06-27,2,50.0,4.19,False,Friday,Afternoon,4
CAMP_6,SNS,Discount,2024-06-13,2024-06-18,USER_488,2024-06-11,4,2024-06-16,398.76,1,2024-06-10,2,50.0,29.51,True,Tuesday,Evening,2
CAMP_9,Affiliates,Bundle Offer,2024-06-09,2024-06-16,USER_473,2024-06-28,8,2024-07-02,427.07,7,2024-06-27,8,12.5,10.09,True,Friday,Afternoon,4
CAMP_3,Email,Discount,2024-06-11,2024-06-16,USER_42,2024-06-01,13,2024-06-01,399.63,2,2024-06-01,4,25.0,17.79,True,Saturday,Morning,1
CAMP_3,Display Ads,Discount,2024-06-01,2024-06-07,USER_850,2024-06-30,21,2024-07-02,418.58,3,2024-06-28,7,14.29,12.37,True,Sunday,Morning,5
CAMP_6,Search Engine,Discount,2024-06-04,2024-06-09,USER_890,2024-06-11,27,2024-06-12,0.0,0,2024-06-10,9,11.11,7.09,True,Tuesday,Evening,2
CAMP_7,Search Engine,Discount,2024-06-21,2024-06-26,USER_36,2024-06-09,30,2024-06-11,377.03,10,2024-06-09,3,33.33,8.69,True,Sunday,Afternoon,2
CAMP_6,Display Ads,Bundle Offer,2024-06-28,2024-06-30,USER_339,2024-06-18,7,2024-06-22,461.7,10,2024-06-16,3,33.33,29.74,True,Tuesday,Afternoon,3
CAMP_1,Affiliates,Discount,2024-06-10,2024-06-16,USER_87,2024-06-12,5,2024-06-13,0.0,0,2024-06-10,8,12.5,3.7,False,Wednesday,Afternoon,2
CAMP_4,Display Ads,Discount,2024-06-06,2024-06-13,USER_119,2024-06-02,28,2024-06-04,193.88,10,2024-06-01,3,33.33,8.6,True,Sunday,Morning,1
CAMP_2,Search Engine,Bundle Offer,2024-06-28,2024-07-01,USER_302,2024-06-10,20,2024-06-11,0.0,0,2024-06-09,1,100.0,7.55,True,Monday,Evening,2
CAMP_9,Search Engine,Bundle Offer,2024-06-04,2024-06-06,USER_462,2024-06-02,7,2024-06-05,0.0,0,2024-06-01,7,14.29,4.7,True,Sunday,Morning,1
CAMP_6,Affiliates,Discount,2024-06-01,2024-06-07,USER_329,2024-06-27,23,2024-07-01,209.24,3,2024-06-25,8,12.5,5.85,True,Thursday,Evening,4
CAMP_4,Email,Points Reward,2024-06-03,2024-06-07,USER_252,2024-06-23,1,2024-06-28,0.0,0,2024-06-21,7,14.29,7.89,True,Sunday,Afternoon,4
CAMP_3,SNS,Discount,2024-06-30,2024-07-07,USER_439,2024-06-13,28,2024-06-17,457.74,3,2024-06-11,7,14.29,21.7,True,Thursday,Morning,2
CAMP_3,Affiliates,Free Shipping,2024-06-25,2024-06-30,USER_27,2024-06-30,10,2024-07-01,0.0,0,2024-06-29,4,25.0,4.37,True,Sunday,Afternoon,5
CAMP_8,Email,Points Reward,2024-06-22,2024-06-23,USER_580,2024-06-22,15,2024-06-25,139.6,8,2024-06-20,8,12.5,4.73,True,Saturday,Afternoon,4
CAMP_7,Search Engine,Free Shipping,2024-06-15,2024-06-18,USER_205,2024-06-02,4,2024-06-02,0.0,0,2024-06-02,8,12.5,15.65,True,Sunday,Morning,1
CAMP_10,Display Ads,Bundle Offer,2024-06-11,2024-06-12,USER_534,2024-06-11,16,2024-06-15,0.0,0,2024-06-10,4,25.0,4.78,True,Tuesday,Morning,2
CAMP_7,Display Ads,Free Shipping,2024-06-08,2024-06-14,USER_916,2024-06-30,8,2024-07-03,190.21,3,2024-06-28,1,100.0,5.44,True,Sunday,Evening,5
CAMP_5,Email,Free Shipping,2024-06-07,2024-06-09,USER_184,2024-06-25,22,2024-06-30,224.36,3,2024-06-23,6,16.67,5.6,True,Tuesday,Morning,4
CAMP_10,Email,Points Reward,2024-06-01,2024-06-03,USER_991,2024-06-13,1,2024-06-17,0.0,0,2024-06-13,8,12.5,4.85,True,Thursday,Morning,2
CAMP_4,Email,Bundle Offer,2024-06-06,2024-06-09,USER_327,2024-06-18,29,2024-06-21,423.0,7,2024-06-18,2,50.0,18.89,True,Tuesday,Evening,3
CAMP_1,Email,Free Shipping,2024-06-15,2024-06-19,USER_684,2024-06-15,15,2024-06-16,185.77,6,2024-06-15,4,25.0,3.85,True,Saturday,Evening,3
CAMP_2,Affiliates,Discount,2024-06-12,2024-06-19,USER_938,2024-06-25,16,2024-06-28,288.73,9,2024-06-25,4,25.0,13.58,True,Tuesday,Afternoon,4
CAMP_5,SNS,Bundle Offer,2024-06-01,2024-06-04,USER_650,2024-06-07,8,2024-06-10,488.99,9,2024-06-05,6,16.67,15.32,True,Friday,Morning,1
CAMP_10,Display Ads,Discount,2024-06-27,2024-06-29,USER_193,2024-06-21,9,2024-06-22,0.0,0,2024-06-20,6,16.67,9.86,True,Friday,Afternoon,3
CAMP_7,Display Ads,Discount,2024-06-28,2024-07-04,USER_543,2024-06-19,2,2024-06-24,431.6,10,2024-06-17,4,25.0,12.93,True,Wednesday,Morning,3
CAMP_1,Search Engine,Discount,2024-06-02,2024-06-09,USER_857,2024-06-11,25,2024-06-13,412.21,9,2024-06-10,10,10.0,24.97,True,Tuesday,Morning,2
CAMP_10,Search Engine,Points Reward,2024-06-19,2024-06-26,USER_442,2024-06-05,25,2024-06-09,0.0,0,2024-06-03,1,100.0,3.83,True,Wednesday,Evening,1
CAMP_6,Search Engine,Points Reward,2024-06-25,2024-07-01,USER_918,2024-06-08,30,2024-06-11,0.0,0,2024-06-06,6,16.67,5.63,True,Saturday,Morning,2
CAMP_9,Affiliates,Points Reward,2024-06-28,2024-07-04,USER_920,2024-06-21,7,2024-06-26,447.02,7,2024-06-20,4,25.0,27.29,True,Friday,Evening,3
CAMP_7,Email,Discount,2024-06-12,2024-06-17,USER_20,2024-06-10,15,2024-06-14,48.37,2,2024-06-09,3,0.0,1.02,False,Monday,Morning,2
CAMP_7,Affiliates,Free Shipping,2024-06-05,2024-06-08,USER_830,2024-06-26,1,2024-06-27,0.0,0,2024-06-25,9,11.11,10.82,True,Wednesday,Evening,4
CAMP_8,Search Engine,Points Reward,2024-06-18,2024-06-24,USER_453,2024-06-17,7,2024-06-20,295.08,3,2024-06-15,1,100.0,17.31,True,Monday,Morning,3
CAMP_8,SNS,Free Shipping,2024-06-07,2024-06-14,USER_150,2024-06-29,27,2024-07-03,0.0,0,2024-06-27,4,25.0,7.25,True,Saturday,Morning,5
CAMP_8,Search Engine,Bundle Offer,2024-06-22,2024-06-23,USER_5,2024-06-24,30,2024-06-28,128.32,7,2024-06-22,6,16.67,4.07,True,Monday,Afternoon,4
CAMP_6,Display Ads,Free Shipping,2024-06-05,2024-06-08,USER_341,2024-06-25,23,2024-06-25,143.48,1,2024-06-25,1,100.0,5.51,True,Tuesday,Evening,4
CAMP_3,Search Engine,Discount,2024-06-29,2024-06-30,USER_917,2024-06-18,22,2024-06-20,206.23,2,2024-06-16,8,12.5,17.68,True,Tuesday,Afternoon,3
CAMP_8,Display Ads,Discount,2024-06-15,2024-06-20,USER_317,2024-06-16,12,2024-06-20,163.82,5,2024-06-14,9,11.11,5.63,True,Sunday,Evening,3
CAMP_1,Search Engine,Bundle Offer,2024-06-05,2024-06-12,USER_567,2024-06-25,9,2024-06-27,0.0,0,2024-06-25,4,25.0,2.67,True,Tuesday,Morning,4
CAMP_10,SNS,Points Reward,2024-06-28,2024-07-05,USER_432,2024-06-26,8,2024-06-30,382.1,5,2024-06-24,8,12.5,17.77,True,Wednesday,Evening,4
CAMP_9,SNS,Points Reward,2024-06-21,2024-06-24,USER_673,2024-06-02,18,2024-06-05,458.28,3,2024-06-02,3,33.33,34.46,True,Sunday,Morning,1
CAMP_4,Search Engine,Free Shipping,2024-06-03,2024-06-06,USER_431,2024-06-09,24,2024-06-14,33.21,8,2024-06-07,10,0.0,1.68,False,Sunday,Afternoon,2
CAMP_9,Search Engine,Discount,2024-06-29,2024-07-03,USER_152,2024-06-18,6,2024-06-22,155.52,1,2024-06-18,6,16.67,3.48,True,Tuesday,Morning,3
CAMP_4,Affiliates,Free Shipping,2024-06-15,2024-06-21,USER_548,2024-06-10,24,2024-06-12,0.0,0,2024-06-10,10,10.0,7.21,True,Monday,Afternoon,2
CAMP_5,Display Ads,Points Reward,2024-06-29,2024-07-02,USER_204,2024-06-23,25,2024-06-24,0.0,0,2024-06-22,8,12.5,1.32,False,Sunday,Morning,4
CAMP_6,Affiliates,Free Shipping,2024-06-28,2024-07-05,USER_160,2024-06-04,20,2024-06-08,0.0,0,2024-06-04,2,50.0,10.13,True,Tuesday,Afternoon,1
CAMP_5,Affiliates,Discount,2024-06-12,2024-06-17,USER_833,2024-06-30,16,2024-07-04,0.0,0,2024-06-30,7,14.29,21.41,True,Sunday,Morning,5
CAMP_4,Affiliates,Bundle Offer,2024-06-11,2024-06-13,USER_658,2024-06-24,3,2024-06-26,421.82,10,2024-06-22,2,50.0,23.1,True,Monday,Evening,4
CAMP_2,Display Ads,Bundle Offer,2024-06-19,2024-06-24,USER_645,2024-06-12,16,2024-06-14,174.57,1,2024-06-10,7,14.29,14.38,True,Wednesday,Morning,2
CAMP_6,Search Engine,Discount,2024-06-07,2024-06-10,USER_522,2024-06-01,19,2024-06-03,345.41,5,2024-05-31,4,25.0,12.68,True,Saturday,Evening,1
CAMP_6,Email,Free Shipping,2024-06-02,2024-06-03,USER_243,2024-06-30,10,2024-07-05,148.18,1,2024-06-30,8,12.5,5.33,True,Sunday,Evening,5
CAMP_8,SNS,Free Shipping,2024-06-03,2024-06-10,USER_412,2024-06-03,18,2024-06-05,0.0,0,2024-06-01,6,16.67,2.06,False,Monday,Morning,1
CAMP_9,SNS,Points Reward,2024-06-01,2024-06-07,USER_457,2024-06-09,16,2024-06-10,0.0,0,2024-06-09,6,16.67,5.51,True,Sunday,Afternoon,2
CAMP_2,SNS,Points Reward,2024-06-16,2024-06-20,USER_331,2024-06-06,20,2024-06-11,0.0,0,2024-06-04,6,16.67,9.23,True,Thursday,Afternoon,1
CAMP_2,SNS,Discount,2024-06-26,2024-07-01,USER_486,2024-06-05,11,2024-06-09,150.15,8,2024-06-04,5,20.0,8.56,True,Wednesday,Afternoon,1
CAMP_2,Display Ads,Discount,2024-06-07,2024-06-10,USER_93,2024-06-10,1,2024-06-10,206.92,7,2024-06-08,5,20.0,12.05,True,Monday,Morning,2
CAMP_2,Email,Points Reward,2024-06-28,2024-07-03,USER_697,2024-06-05,15,2024-06-08,223.38,2,2024-06-05,2,50.0,4.9,True,Wednesday,Morning,1
CAMP_5,Affiliates,Points Reward,2024-06-17,2024-06-23,USER_61,2024-06-30,17,2024-07-03,255.17,3,2024-06-29,10,10.0,10.95,True,Sunday,Evening,5
CAMP_9,Email,Discount,2024-06-10,2024-06-12,USER_364,2024-06-30,15,2024-07-05,18.67,2,2024-06-30,1,0.0,1.71,False,Sunday,Morning,5
CAMP_4,Search Engine,Free Shipping,2024-06-26,2024-06-29,USER_768,2024-06-18,7,2024-06-21,244.5,1,2024-06-18,8,12.5,7.94,True,Tuesday,Morning,3
CAMP_10,Display Ads,Bundle Offer,2024-06-07,2024-06-14,USER_759,2024-06-16,6,2024-06-21,95.26,8,2024-06-14,9,11.11,6.05,False,Sunday,Afternoon,3
CAMP_1,SNS,Bundle Offer,2024-06-11,2024-06-18,USER_443,2024-06-08,14,2024-06-11,0.0,0,2024-06-08,4,25.0,24.81,True,Saturday,Afternoon,2
CAMP_7,Affiliates,Free Shipping,2024-06-25,2024-06-29,USER_697,2024-06-05,16,2024-06-07,0.0,0,2024-06-03,7,0.0,2.88,False,Wednesday,Afternoon,1
CAMP_7,Email,Free Shipping,2024-06-05,2024-06-10,USER_998,2024-06-02,8,2024-06-03,0.0,0,2024-06-01,8,12.5,7.11,True,Sunday,Afternoon,1
CAMP_7,Email,Bundle Offer,2024-06-19,2024-06-22,USER_338,2024-06-28,14,2024-07-01,282.73,1,2024-06-26,9,11.11,9.87,True,Friday,Morning,4
CAMP_9,Display Ads,Bundle Offer,2024-06-27,2024-06-28,USER_688,2024-06-24,24,2024-06-28,0.0,0,2024-06-24,1,100.0,21.43,True,Monday,Afternoon,4
CAMP_2,Email,Points Reward,2024-06-28,2024-07-01,USER_589,2024-06-06,30,2024-06-06,25.34,3,2024-06-06,10,0.0,0.8,False,Thursday,Morning,1
CAMP_3,Affiliates,Discount,2024-06-21,2024-06-23,USER_50,2024-06-09,21,2024-06-12,374.94,3,2024-06-07,10,10.0,12.08,True,Sunday,Afternoon,2
CAMP_10,Search Engine,Free Shipping,2024-06-16,2024-06-18,USER_127,2024-06-28,14,2024-06-29,0.0,0,2024-06-26,2,50.0,4.29,True,Friday,Afternoon,4
CAMP_10,Email,Points Reward,2024-06-13,2024-06-18,USER_221,2024-06-23,20,2024-06-26,35.14,9,2024-06-23,4,0.0,2.42,False,Sunday,Evening,4
CAMP_7,Search Engine,Discount,2024-06-18,2024-06-20,USER_992,2024-06-24,26,2024-06-27,0.0,0,2024-06-22,8,12.5,12.74,True,Monday,Evening,4
CAMP_10,Email,Bundle Offer,2024-06-19,2024-06-21,USER_432,2024-06-20,27,2024-06-25,0.0,0,2024-06-20,10,10.0,11.32,True,Thursday,Morning,3
CAMP_2,Affiliates,Points Reward,2024-06-28,2024-06-30,USER_733,2024-06-08,21,2024-06-11,458.92,7,2024-06-06,8,12.5,13.79,True,Saturday,Morning,2
CAMP_1,Email,Bundle Offer,2024-06-03,2024-06-06,USER_96,2024-06-21,14,2024-06-24,467.43,8,2024-06-21,3,33.33,9.99,True,Friday,Evening,3
CAMP_3,SNS,Discount,2024-06-26,2024-07-02,USER_34,2024-06-14,23,2024-06-15,399.44,4,2024-06-14,1,100.0,16.05,True,Friday,Afternoon,2
CAMP_6,Email,Points Reward,2024-06-09,2024-06-14,USER_754,2024-06-28,17,2024-07-02,180.84,7,2024-06-26,6,16.67,6.28,True,Friday,Morning,4
CAMP_8,SNS,Discount,2024-06-24,2024-06-30,USER_331,2024-06-08,23,2024-06-08,444.39,3,2024-06-07,3,33.33,9.03,True,Saturday,Afternoon,2
CAMP_4,Display Ads,Free Shipping,2024-06-14,2024-06-15,USER_577,2024-06-15,7,2024-06-20,38.6,3,2024-06-14,2,0.0,0.79,False,Saturday,Evening,3
CAMP_5,Display Ads,Free Shipping,2024-06-26,2024-06-28,USER_428,2024-06-18,2,2024-06-18,320.45,1,2024-06-18,3,33.33,7.53,True,Tuesday,Afternoon,3
CAMP_9,Affiliates,Discount,2024-06-13,2024-06-20,USER_211,2024-06-05,9,2024-06-05,0.0,0,2024-06-05,4,25.0,6.54,True,Wednesday,Afternoon,1
CAMP_5,Email,Discount,2024-06-20,2024-06-22,USER_513,2024-06-29,7,2024-06-30,0.0,0,2024-06-29,6,16.67,3.24,True,Saturday,Morning,5
CAMP_3,Affiliates,Free Shipping,2024-06-27,2024-06-30,USER_920,2024-06-06,25,2024-06-08,0.0,0,2024-06-05,6,16.67,36.88,True,Thursday,Morning,1
CAMP_2,Email,Points Reward,2024-06-03,2024-06-10,USER_400,2024-06-11,5,2024-06-16,0.0,0,2024-06-09,4,25.0,12.29,True,Tuesday,Evening,2
CAMP_8,SNS,Discount,2024-06-13,2024-06-20,USER_875,2024-06-13,25,2024-06-14,0.0,0,2024-06-12,5,20.0,14.84,True,Thursday,Morning,2
CAMP_6,Display Ads,Points Reward,2024-06-24,2024-06-30,USER_346,2024-06-22,12,2024-06-22,310.2,1,2024-06-22,9,11.11,18.89,True,Saturday,Afternoon,4
CAMP_3,Search Engine,Discount,2024-06-15,2024-06-21,USER_545,2024-06-24,5,2024-06-25,0.0,0,2024-06-22,1,100.0,5.84,True,Monday,Morning,4
CAMP_8,SNS,Discount,2024-06-06,2024-06-11,USER_828,2024-06-09,12,2024-06-11,0.0,0,2024-06-08,7,14.29,6.72,True,Sunday,Morning,2
CAMP_8,Email,Free Shipping,2024-06-16,2024-06-17,USER_546,2024-06-11,18,2024-06-15,118.88,3,2024-06-09,4,25.0,4.44,True,Tuesday,Morning,2
CAMP_4,Email,Bundle Offer,2024-06-03,2024-06-08,USER_68,2024-06-25,8,2024-06-28,180.98,6,2024-06-24,4,25.0,5.7,True,Tuesday,Afternoon,4
CAMP_4,Display Ads,Points Reward,2024-06-17,2024-06-21,USER_328,2024-06-04,26,2024-06-04,0.0,0,2024-06-02,4,25.0,4.54,True,Tuesday,Evening,1
CAMP_2,Search Engine,Discount,2024-06-14,2024-06-17,USER_672,2024-06-04,1,2024-06-08,369.1,8,2024-06-04,4,25.0,11.36,True,Tuesday,Afternoon,1
CAMP_4,Affiliates,Points Reward,2024-06-26,2024-07-02,USER_96,2024-06-11,24,2024-06-15,477.86,4,2024-06-09,4,25.0,27.99,True,Tuesday,Afternoon,2
CAMP_3,Display Ads,Free Shipping,2024-06-26,2024-06-27,USER_443,2024-06-09,29,2024-06-12,0.0,0,2024-06-09,9,11.11,13.23,True,Sunday,Morning,2
CAMP_5,Display Ads,Bundle Offer,2024-06-29,2024-07-04,USER_899,2024-06-21,14,2024-06-23,0.0,0,2024-06-20,9,11.11,12.39,True,Friday,Afternoon,3
CAMP_1,Search Engine,Bundle Offer,2024-06-16,2024-06-20,USER_357,2024-06-15,1,2024-06-20,0.0,0,2024-06-15,7,14.29,10.02,True,Saturday,Evening,3
CAMP_6,Display Ads,Bundle Offer,2024-06-20,2024-06-25,USER_893,2024-06-17,11,2024-06-18,0.0,0,2024-06-17,1,0.0,1.41,False,Monday,Morning,3
CAMP_3,SNS,Points Reward,2024-06-19,2024-06-23,USER_306,2024-06-11,22,2024-06-13,154.07,8,2024-06-10,5,20.0,10.27,True,Tuesday,Morning,2
CAMP_3,Email,Bundle Offer,2024-06-11,2024-06-16,USER_537,2024-06-25,11,2024-06-30,163.7,10,2024-06-23,5,20.0,6.61,True,Tuesday,Afternoon,4
CAMP_3,Affiliates,Bundle Offer,2024-06-25,2024-07-02,USER_746,2024-06-16,28,2024-06-19,0.0,0,2024-06-14,8,12.5,3.32,True,Sunday,Evening,3
CAMP_6,SNS,Points Reward,2024-06-02,2024-06-05,USER_383,2024-06-24,2,2024-06-24,425.63,10,2024-06-23,6,16.67,9.51,True,Monday,Evening,4
CAMP_4,Affiliates,Points Reward,2024-06-20,2024-06-26,USER_717,2024-06-25,4,2024-06-26,108.63,10,2024-06-23,10,10.0,5.57,True,Tuesday,Afternoon,4
CAMP_5,Email,Free Shipping,2024-06-15,2024-06-21,USER_105,2024-06-21,21,2024-06-26,0.0,0,2024-06-21,1,100.0,11.58,True,Friday,Afternoon,3
CAMP_7,Email,Free Shipping,2024-06-11,2024-06-18,USER_191,2024-06-28,28,2024-06-28,484.32,4,2024-06-27,9,11.11,11.48,True,Friday,Evening,4
CAMP_3,Display Ads,Points Reward,2024-06-08,2024-06-15,USER_316,2024-06-24,17,2024-06-27,224.32,1,2024-06-22,8,12.5,10.13,True,Monday,Afternoon,4
CAMP_2,Affiliates,Discount,2024-06-29,2024-07-02,USER_649,2024-06-19,20,2024-06-19,0.0,0,2024-06-17,9,11.11,8.94,True,Wednesday,Evening,3
CAMP_4,SNS,Free Shipping,2024-06-23,2024-06-30,USER_489,2024-06-08,21,2024-06-08,404.7,10,2024-06-07,8,12.5,20.35,True,Saturday,Morning,2
CAMP_9,Search Engine,Points Reward,2024-06-15,2024-06-18,USER_389,2024-06-30,17,2024-07-02,0.0,0,2024-06-29,6,0.0,0.97,False,Sunday,Afternoon,5
CAMP_8,SNS,Bundle Offer,2024-06-03,2024-06-07,USER_109,2024-06-02,27,2024-06-06,0.0,0,2024-06-02,9,11.11,3.96,True,Sunday,Evening,1
CAMP_7,SNS,Free Shipping,2024-06-10,2024-06-16,USER_105,2024-06-07,22,2024-06-12,251.58,7,2024-06-05,1,100.0,11.32,True,Friday,Morning,1
CAMP_5,Email,Points Reward,2024-06-25,2024-06-30,USER_163,2024-06-27,14,2024-06-29,0.0,0,2024-06-27,4,25.0,7.04,True,Thursday,Afternoon,4
CAMP_6,Search Engine,Bundle Offer,2024-06-22,2024-06-25,USER_772,2024-06-27,6,2024-06-27,107.28,6,2024-06-25,4,25.0,3.22,True,Thursday,Evening,4
CAMP_9,SNS,Points Reward,2024-06-17,2024-06-20,USER_989,2024-06-16,12,2024-06-19,485.96,9,2024-06-14,4,25.0,26.01,True,Sunday,Afternoon,3
CAMP_9,Search Engine,Discount,2024-06-22,2024-06-25,USER_585,2024-06-04,6,2024-06-04,404.55,4,2024-06-03,1,100.0,28.9,True,Tuesday,Morning,1
CAMP_8,SNS,Points Reward,2024-06-24,2024-06-26,USER_138,2024-06-15,20,2024-06-15,0.0,0,2024-06-15,6,16.67,8.97,True,Saturday,Evening,3
CAMP_1,SNS,Bundle Offer,2024-06-25,2024-06-28,USER_141,2024-06-28,16,2024-06-30,226.06,1,2024-06-27,1,100.0,12.61,True,Friday,Evening,4
CAMP_9,Search Engine,Free Shipping,2024-06-15,2024-06-22,USER_599,2024-06-23,11,2024-06-24,244.1,7,2024-06-21,2,50.0,7.06,True,Sunday,Afternoon,4
CAMP_1,Display Ads,Bundle Offer,2024-06-27,2024-07-04,USER_801,2024-06-20,29,2024-06-21,158.37,5,2024-06-19,9,11.11,11.67,True,Thursday,Evening,3
CAMP_7,Email,Discount,2024-06-09,2024-06-10,USER_598,2024-06-04,21,2024-06-05,216.41,7,2024-06-03,9,11.11,13.49,True,Tuesday,Evening,1
CAMP_5,Affiliates,Free Shipping,2024-06-09,2024-06-16,USER_922,2024-06-12,5,2024-06-15,0.0,0,2024-06-11,6,16.67,9.87,True,Wednesday,Morning,2
CAMP_4,Email,Bundle Offer,2024-06-10,2024-06-17,USER_843,2024-06-05,29,2024-06-06,143.35,5,2024-06-05,9,11.11,4.32,True,Wednesday,Morning,1
CAMP_8,Display Ads,Discount,2024-06-21,2024-06-26,USER_609,2024-06-19,22,2024-06-21,0.0,0,2024-06-18,7,14.29,11.67,True,Wednesday,Afternoon,3
CAMP_7,Search Engine,Free Shipping,2024-06-15,2024-06-22,USER_419,2024-06-30,9,2024-06-30,202.16,1,2024-06-28,1,100.0,5.21,True,Sunday,Evening,5
CAMP_9,Search Engine,Discount,2024-06-24,2024-06-28,USER_613,2024-06-01,12,2024-06-04,0.0,0,2024-05-31,8,12.5,11.36,True,Saturday,Evening,1
CAMP_7,Search Engine,Free Shipping,2024-06-23,2024-06-30,USER_793,2024-06-12,7,2024-06-16,82.38,5,2024-06-10,7,14.29,2.94,False,Wednesday,Afternoon,2
CAMP_7,Affiliates,Points Reward,2024-06-10,2024-06-11,USER_937,2024-06-13,8,2024-06-18,496.99,10,2024-06-12,4,25.0,36.04,True,Thursday,Afternoon,2
CAMP_7,Display Ads,Discount,2024-06-21,2024-06-24,USER_538,2024-06-25,22,2024-06-30,442.46,6,2024-06-24,4,25.0,12.6,True,Tuesday,Evening,4
CAMP_9,Display Ads,Discount,2024-06-25,2024-06-26,USER_376,2024-06-07,4,2024-06-12,376.64,9,2024-06-07,1,100.0,20.72,True,Friday,Morning,1
CAMP_6,Affiliates,Discount,2024-06-23,2024-06-26,USER_850,2024-06-26,22,2024-06-30,379.19,8,2024-06-26,4,25.0,9.49,True,Wednesday,Morning,4
CAMP_9,Search Engine,Discount,2024-06-14,2024-06-16,USER_532,2024-06-04,27,2024-06-05,0.0,0,2024-06-03,3,33.33,6.98,True,Tuesday,Afternoon,1
CAMP_8,Search Engine,Points Reward,2024-06-26,2024-06-29,USER_593,2024-06-30,23,2024-07-02,0.0,0,2024-06-29,4,25.0,10.15,True,Sunday,Afternoon,5
CAMP_6,Affiliates,Bundle Offer,2024-06-08,2024-06-09,USER_716,2024-06-06,21,2024-06-08,0.0,0,2024-06-04,2,50.0,6.1,True,Thursday,Evening,1
CAMP_9,Display Ads,Free Shipping,2024-06-14,2024-06-21,USER_103,2024-06-22,18,2024-06-26,0.0,0,2024-06-22,8,12.5,6.78,True,Saturday,Afternoon,4
CAMP_6,Display Ads,Discount,2024-06-06,2024-06-12,USER_723,2024-06-29,6,2024-06-29,414.79,4,2024-06-28,6,16.67,29.33,True,Saturday,Evening,5
CAMP_4,SNS,Free Shipping,2024-06-27,2024-06-29,USER_791,2024-06-01,23,2024-06-04,448.61,9,2024-05-30,5,20.0,25.22,True,Saturday,Evening,1
CAMP_6,Affiliates,Discount,2024-06-24,2024-06-28,USER_602,2024-06-11,24,2024-06-15,444.68,8,2024-06-10,2,50.0,10.41,True,Tuesday,Evening,2
CAMP_10,Display Ads,Discount,2024-06-14,2024-06-17,USER_416,2024-06-16,8,2024-06-18,85.15,1,2024-06-16,9,11.11,1.93,False,Sunday,Evening,3
CAMP_5,Search Engine,Discount,2024-06-16,2024-06-19,USER_830,2024-06-22,5,2024-06-23,293.66,1,2024-06-21,6,16.67,14.58,True,Saturday,Morning,4
CAMP_5,Search Engine,Free Shipping,2024-06-01,2024-06-06,USER_79,2024-06-24,30,2024-06-29,228.84,10,2024-06-22,8,12.5,22.42,True,Monday,Evening,4
CAMP_3,Email,Discount,2024-06-04,2024-06-08,USER_623,2024-06-07,15,2024-06-11,0.0,0,2024-06-05,8,12.5,30.66,True,Friday,Morning,1
CAMP_4,Search Engine,Bundle Offer,2024-06-17,2024-06-18,USER_584,2024-06-21,10,2024-06-25,86.29,7,2024-06-20,6,16.67,5.6,False,Friday,Evening,3
CAMP_10,Email,Discount,2024-06-20,2024-06-22,USER_260,2024-06-26,19,2024-07-01,232.59,9,2024-06-24,7,14.29,4.86,True,Wednesday,Afternoon,4
CAMP_1,SNS,Discount,2024-06-26,2024-06-30,USER_879,2024-06-11,2,2024-06-12,0.0,0,2024-06-11,8,12.5,1.91,False,Tuesday,Morning,2
CAMP_6,Search Engine,Points Reward,2024-06-30,2024-07-05,USER_398,2024-06-03,6,2024-06-08,226.09,4,2024-06-03,5,20.0,7.21,True,Monday,Evening,1
CAMP_9,Search Engine,Points Reward,2024-06-03,2024-06-04,USER_687,2024-06-19,30,2024-06-22,425.9,10,2024-06-17,3,33.33,21.14,True,Wednesday,Evening,3
CAMP_10,Email,Free Shipping,2024-06-14,2024-06-21,USER_656,2024-06-15,4,2024-06-19,389.92,9,2024-06-13,6,16.67,18.1,True,Saturday,Morning,3
CAMP_2,Search Engine,Points Reward,2024-06-17,2024-06-23,USER_835,2024-06-22,3,2024-06-27,0.0,0,2024-06-21,6,16.67,5.59,True,Saturday,Afternoon,4
CAMP_7,Display Ads,Free Shipping,2024-06-16,2024-06-17,USER_633,2024-06-12,16,2024-06-16,0.0,0,2024-06-11,3,33.33,9.55,True,Wednesday,Afternoon,2
CAMP_1,Search Engine,Points Reward,2024-06-16,2024-06-21,USER_343,2024-06-06,10,2024-06-06,0.0,0,2024-06-04,7,14.29,17.8,True,Thursday,Morning,1
CAMP_10,SNS,Free Shipping,2024-06-28,2024-06-29,USER_798,2024-06-05,27,2024-06-10,0.0,0,2024-06-04,10,10.0,4.31,True,Wednesday,Evening,1
CAMP_1,SNS,Bundle Offer,2024-06-01,2024-06-07,USER_574,2024-06-28,25,2024-07-03,327.77,5,2024-06-27,2,50.0,11.65,True,Friday,Afternoon,4
CAMP_2,Affiliates,Bundle Offer,2024-06-15,2024-06-18,USER_949,2024-06-20,16,2024-06-23,271.84,6,2024-06-18,2,50.0,5.93,True,Thursday,Evening,3
CAMP_1,Affiliates,Discount,2024-06-29,2024-06-30,USER_931,2024-06-08,19,2024-06-10,221.99,4,2024-06-07,3,33.33,4.6,True,Saturday,Evening,2
CAMP_8,Search Engine,Discount,2024-06-01,2024-06-07,USER_193,2024-06-16,14,2024-06-19,378.98,8,2024-06-16,9,11.11,8.47,True,Sunday,Afternoon,3
CAMP_6,SNS,Bundle Offer,2024-06-02,2024-06-06,USER_410,2024-06-02,6,2024-06-07,0.0,0,2024-06-01,2,0.0,0.61,False,Sunday,Afternoon,1
CAMP_8,Affiliates,Free Shipping,2024-06-03,2024-06-10,USER_120,2024-06-04,29,2024-06-07,345.11,6,2024-06-03,7,14.29,30.45,True,Tuesday,Evening,1
CAMP_4,Display Ads,Discount,2024-06-11,2024-06-16,USER_772,2024-06-13,12,2024-06-17,314.34,1,2024-06-12,7,14.29,10.59,True,Thursday,Evening,2
CAMP_2,Email,Bundle Offer,2024-06-08,2024-06-15,USER_836,2024-06-19,2,2024-06-23,499.76,9,2024-06-18,3,33.33,15.56,True,Wednesday,Evening,3
CAMP_5,Search Engine,Discount,2024-06-14,2024-06-18,USER_917,2024-06-19,29,2024-06-20,0.0,0,2024-06-18,9,11.11,25.3,True,Wednesday,Morning,3
CAMP_9,Email,Bundle Offer,2024-06-29,2024-07-05,USER_968,2024-06-06,17,2024-06-08,312.72,8,2024-06-04,1,100.0,11.51,True,Thursday,Evening,1
CAMP_5,SNS,Free Shipping,2024-06-07,2024-06-12,USER_991,2024-06-23,13,2024-06-28,0.0,0,2024-06-22,7,14.29,17.35,True,Sunday,Afternoon,4
CAMP_2,SNS,Discount,2024-06-05,2024-06-06,USER_863,2024-06-21,18,2024-06-22,0.0,0,2024-06-21,6,16.67,14.52,True,Friday,Afternoon,3
CAMP_2,Affiliates,Points Reward,2024-06-02,2024-06-06,USER_812,2024-06-24,11,2024-06-27,292.43,1,2024-06-24,9,11.11,10.58,True,Monday,Afternoon,4
CAMP_4,SNS,Discount,2024-06-22,2024-06-23,USER_210,2024-06-15,2,2024-06-20,356.61,3,2024-06-15,8,12.5,10.63,True,Saturday,Evening,3
CAMP_9,Email,Bundle Offer,2024-06-26,2024-06-29,USER_607,2024-06-27,14,2024-07-02,306.86,6,2024-06-26,7,14.29,9.17,True,Thursday,Evening,4
CAMP_5,Email,Points Reward,2024-06-30,2024-07-07,USER_845,2024-06-06,9,2024-06-10,447.52,8,2024-06-04,7,14.29,15.47,True,Thursday,Afternoon,1
CAMP_6,Affiliates,Discount,2024-06-20,2024-06-22,USER_544,2024-06-13,22,2024-06-16,423.07,9,2024-06-11,4,25.0,21.08,True,Thursday,Morning,2
CAMP_4,Email,Points Reward,2024-06-29,2024-07-06,USER_183,2024-06-09,8,2024-06-09,324.68,6,2024-06-08,9,11.11,11.13,True,Sunday,Evening,2
CAMP_4,SNS,Discount,2024-06-25,2024-06-30,USER_995,2024-06-03,4,2024-06-03,224.41,2,2024-06-02,2,50.0,9.48,True,Monday,Morning,1
CAMP_9,Affiliates,Free Shipping,2024-06-29,2024-07-02,USER_259,2024-06-15,9,2024-06-20,92.48,8,2024-06-14,5,20.0,4.73,False,Saturday,Evening,3
CAMP_6,Search Engine,Bundle Offer,2024-06-08,2024-06-14,USER_916,2024-06-19,12,2024-06-22,0.0,0,2024-06-18,10,10.0,4.15,False,Wednesday,Evening,3
CAMP_2,Display Ads,Points Reward,2024-06-23,2024-06-26,USER_191,2024-06-14,10,2024-06-15,225.97,6,2024-06-14,5,20.0,7.52,True,Friday,Morning,2
CAMP_6,Search Engine,Bundle Offer,2024-06-17,2024-06-19,USER_143,2024-06-29,20,2024-07-02,210.78,10,2024-06-27,4,25.0,7.72,True,Saturday,Morning,5
CAMP_9,SNS,Discount,2024-06-02,2024-06-06,USER_598,2024-06-23,8,2024-06-25,29.83,5,2024-06-23,3,0.0,2.89,False,Sunday,Evening,4
CAMP_8,Affiliates,Bundle Offer,2024-06-08,2024-06-15,USER_941,2024-06-02,2,2024-06-04,0.0,0,2024-06-02,2,50.0,5.14,True,Sunday,Evening,1
CAMP_7,SNS,Bundle Offer,2024-06-11,2024-06-15,USER_2,2024-06-13,11,2024-06-13,0.0,0,2024-06-12,4,25.0,13.88,True,Thursday,Morning,2
CAMP_10,SNS,Bundle Offer,2024-06-29,2024-06-30,USER_155,2024-06-18,19,2024-06-22,0.0,0,2024-06-18,7,14.29,9.43,True,Tuesday,Evening,3
CAMP_8,Display Ads,Discount,2024-06-03,2024-06-07,USER_424,2024-06-04,21,2024-06-07,349.91,8,2024-06-04,2,50.0,16.05,True,Tuesday,Morning,1
CAMP_10,Display Ads,Bundle Offer,2024-06-22,2024-06-27,USER_107,2024-06-12,26,2024-06-16,485.64,4,2024-06-12,10,10.0,15.94,True,Wednesday,Morning,2
CAMP_3,Affiliates,Points Reward,2024-06-16,2024-06-21,USER_505,2024-06-25,3,2024-06-27,240.94,7,2024-06-23,5,20.0,8.45,True,Tuesday,Afternoon,4
CAMP_7,Affiliates,Points Reward,2024-06-23,2024-06-28,USER_125,2024-06-15,26,2024-06-19,0.0,0,2024-06-13,3,33.33,9.75,True,Saturday,Evening,3
CAMP_2,Email,Discount,2024-06-03,2024-06-06,USER_521,2024-06-21,25,2024-06-23,0.0,0,2024-06-21,5,20.0,13.01,True,Friday,Morning,3
CAMP_4,SNS,Free Shipping,2024-06-21,2024-06-28,USER_793,2024-06-10,15,2024-06-12,206.65,10,2024-06-10,7,14.29,5.74,True,Monday,Evening,2
CAMP_3,SNS,Bundle Offer,2024-06-04,2024-06-09,USER_934,2024-06-06,15,2024-06-09,0.0,0,2024-06-06,3,33.33,37.48,True,Thursday,Evening,1
CAMP_3,Email,Free Shipping,2024-06-14,2024-06-15,USER_103,2024-06-10,26,2024-06-12,258.83,9,2024-06-08,10,10.0,6.18,True,Monday,Morning,2
CAMP_4,Affiliates,Bundle Offer,2024-06-09,2024-06-11,USER_516,2024-06-18,18,2024-06-19,42.48,5,2024-06-17,10,0.0,1.91,False,Tuesday,Morning,3
CAMP_3,Search Engine,Points Reward,2024-06-27,2024-06-29,USER_79,2024-06-06,22,2024-06-06,190.38,2,2024-06-05,3,33.33,5.5,True,Thursday,Afternoon,1
CAMP_9,Search Engine,Bundle Offer,2024-06-15,2024-06-16,USER_914,2024-06-03,29,2024-06-03,495.78,1,2024-06-01,9,11.11,14.71,True,Monday,Morning,1
CAMP_7,Affiliates,Points Reward,2024-06-02,2024-06-04,USER_211,2024-06-12,27,2024-06-14,0.0,0,2024-06-12,6,16.67,9.54,True,Wednesday,Morning,2
CAMP_5,SNS,Points Reward,2024-06-23,2024-06-28,USER_740,2024-06-23,17,2024-06-25,454.56,10,2024-06-22,6,16.67,14.55,True,Sunday,Afternoon,4
CAMP_2,SNS,Free Shipping,2024-06-16,2024-06-20,USER_995,2024-06-19,6,2024-06-19,0.0,0,2024-06-18,1,100.0,9.24,True,Wednesday,Morning,3
CAMP_10,Affiliates,Bundle Offer,2024-06-09,2024-06-11,USER_480,2024-06-23,25,2024-06-27,0.0,0,2024-06-23,10,10.0,19.25,True,Sunday,Afternoon,4
CAMP_9,Email,Bundle Offer,2024-06-26,2024-07-02,USER_348,2024-06-19,12,2024-06-24,0.0,0,2024-06-18,7,14.29,23.83,True,Wednesday,Morning,3
CAMP_4,Search Engine,Discount,2024-06-02,2024-06-05,USER_939,2024-06-28,10,2024-07-02,466.39,10,2024-06-28,7,14.29,21.68,True,Friday,Evening,4
CAMP_1,Display Ads,Free Shipping,2024-06-05,2024-06-12,USER_808,2024-06-25,23,2024-06-27,288.25,10,2024-06-24,4,25.0,9.15,True,Tuesday,Afternoon,4
CAMP_3,Search Engine,Bundle Offer,2024-06-02,2024-06-03,USER_681,2024-06-30,13,2024-07-02,0.0,0,2024-06-29,5,20.0,4.0,True,Sunday,Morning,5
CAMP_1,Email,Discount,2024-06-01,2024-06-02,USER_110,2024-06-20,23,2024-06-20,379.96,8,2024-06-20,4,25.0,10.81,True,Thursday,Morning,3
CAMP_10,Email,Free Shipping,2024-06-08,2024-06-09,USER_724,2024-06-02,3,2024-06-06,248.54,1,2024-06-02,1,100.0,9.57,True,Sunday,Morning,1
CAMP_6,Search Engine,Points Reward,2024-06-14,2024-06-15,USER_976,2024-06-07,24,2024-06-07,57.88,1,2024-06-05,5,20.0,1.7,False,Friday,Evening,1
CAMP_1,Affiliates,Points Reward,2024-06-20,2024-06-27,USER_946,2024-06-29,2,2024-07-02,148.87,5,2024-06-28,6,16.67,4.43,True,Saturday,Afternoon,5
CAMP_9,SNS,Discount,2024-06-16,2024-06-19,USER_376,2024-06-13,3,2024-06-13,0.0,0,2024-06-12,4,25.0,13.45,True,Thursday,Afternoon,2
CAMP_6,Affiliates,Free Shipping,2024-06-09,2024-06-10,USER_223,2024-06-30,22,2024-06-30,0.0,0,2024-06-30,6,16.67,4.4,True,Sunday,Afternoon,5
CAMP_5,Search Engine,Points Reward,2024-06-14,2024-06-15,USER_732,2024-06-29,12,2024-07-03,188.17,2,2024-06-28,5,20.0,3.83,True,Saturday,Morning,5
CAMP_7,Search Engine,Bundle Offer,2024-06-05,2024-06-08,USER_718,2024-06-01,18,2024-06-06,0.0,0,2024-05-31,3,33.33,8.65,True,Saturday,Morning,1
CAMP_3,Search Engine,Points Reward,2024-06-21,2024-06-27,USER_571,2024-06-09,21,2024-06-12,0.0,0,2024-06-07,1,100.0,6.38,True,Sunday,Afternoon,2
CAMP_2,Email,Discount,2024-06-29,2024-07-03,USER_505,2024-06-12,14,2024-06-12,54.78,2,2024-06-12,6,16.67,1.38,False,Wednesday,Evening,2
CAMP_3,Display Ads,Free Shipping,2024-06-29,2024-06-30,USER_626,2024-06-03,3,2024-06-04,423.09,5,2024-06-01,4,25.0,10.84,True,Monday,Morning,1
CAMP_9,Email,Free Shipping,2024-06-30,2024-07-04,USER_802,2024-06-08,29,2024-06-08,17.7,3,2024-06-06,8,0.0,0.46,False,Saturday,Morning,2
CAMP_8,SNS,Bundle Offer,2024-06-30,2024-07-02,USER_828,2024-06-23,23,2024-06-24,25.86,2,2024-06-21,2,0.0,0.64,False,Sunday,Afternoon,4
CAMP_6,Email,Discount,2024-06-20,2024-06-23,USER_680,2024-06-06,3,2024-06-06,0.0,0,2024-06-06,4,25.0,14.91,True,Thursday,Evening,1
CAMP_8,Email,Free Shipping,2024-06-23,2024-06-27,USER_149,2024-06-29,29,2024-07-01,420.52,8,2024-06-27,1,100.0,18.17,True,Saturday,Evening,5
CAMP_6,SNS,Free Shipping,2024-06-02,2024-06-07,USER_341,2024-06-24,3,2024-06-29,368.61,10,2024-06-23,6,16.67,27.6,True,Monday,Afternoon,4
CAMP_4,Display Ads,Points Reward,2024-06-29,2024-07-01,USER_736,2024-06-19,28,2024-06-22,0.0,0,2024-06-19,5,0.0,0.97,False,Wednesday,Morning,3
CAMP_4,Affiliates,Free Shipping,2024-06-02,2024-06-09,USER_889,2024-06-19,7,2024-06-22,39.8,7,2024-06-18,8,0.0,1.15,False,Wednesday,Evening,3
CAMP_9,Search Engine,Bundle Offer,2024-06-17,2024-06-22,USER_681,2024-06-27,7,2024-07-02,233.45,8,2024-06-27,10,10.0,9.58,True,Thursday,Morning,4
CAMP_4,Affiliates,Bundle Offer,2024-06-01,2024-06-05,USER_957,2024-06-14,29,2024-06-19,129.82,3,2024-06-14,9,11.11,3.3,True,Friday,Afternoon,2
CAMP_3,Affiliates,Discount,2024-06-20,2024-06-26,USER_462,2024-06-13,29,2024-06-18,99.76,10,2024-06-13,10,10.0,7.1,False,Thursday,Morning,2
CAMP_4,Affiliates,Points Reward,2024-06-16,2024-06-18,USER_907,2024-06-27,30,2024-06-28,80.77,6,2024-06-27,3,33.33,3.34,False,Thursday,Afternoon,4
CAMP_2,Email,Bundle Offer,2024-06-14,2024-06-20,USER_19,2024-06-03,7,2024-06-07,0.0,0,2024-06-02,1,0.0,1.37,False,Monday,Afternoon,1
CAMP_6,Display Ads,Bundle Offer,2024-06-12,2024-06-15,USER_943,2024-06-10,22,2024-06-12,294.0,6,2024-06-08,10,10.0,6.89,True,Monday,Morning,2
CAMP_10,Display Ads,Discount,2024-06-12,2024-06-16,USER_488,2024-06-16,27,2024-06-18,0.0,0,2024-06-14,6,16.67,11.58,True,Sunday,Afternoon,3
CAMP_7,Affiliates,Discount,2024-06-14,2024-06-18,USER_576,2024-06-27,14,2024-07-02,275.97,1,2024-06-26,10,10.0,6.18,True,Thursday,Evening,4
CAMP_8,SNS,Points Reward,2024-06-28,2024-07-02,USER_88,2024-06-14,13,2024-06-16,57.15,6,2024-06-14,4,25.0,2.07,False,Friday,Evening,2
CAMP_8,Email,Free Shipping,2024-06-14,2024-06-21,USER_385,2024-06-23,27,2024-06-26,276.38,4,2024-06-22,1,100.0,6.26,True,Sunday,Morning,4
CAMP_10,SNS,Bundle Offer,2024-06-04,2024-06-09,USER_224,2024-06-08,7,2024-06-09,0.0,0,2024-06-06,7,14.29,5.98,True,Saturday,Afternoon,2
CAMP_2,Email,Free Shipping,2024-06-22,2024-06-29,USER_181,2024-06-09,12,2024-06-10,100.35,6,2024-06-07,7,14.29,2.6,True,Sunday,Evening,2
CAMP_4,Email,Free Shipping,2024-06-24,2024-06-25,USER_740,2024-06-12,13,2024-06-17,328.2,1,2024-06-10,10,10.0,8.35,True,Wednesday,Evening,2
CAMP_3,Search Engine,Points Reward,2024-06-23,2024-06-24,USER_930,2024-06-01,3,2024-06-06,0.0,0,2024-06-01,2,0.0,0.22,False,Saturday,Afternoon,1
CAMP_9,SNS,Discount,2024-06-27,2024-07-04,USER_948,2024-06-25,27,2024-06-25,0.0,0,2024-06-23,3,33.33,14.02,True,Tuesday,Evening,4
CAMP_9,SNS,Discount,2024-06-08,2024-06-13,USER_215,2024-06-18,16,2024-06-21,299.9,9,2024-06-17,2,50.0,9.35,True,Tuesday,Afternoon,3
CAMP_8,Affiliates,Discount,2024-06-27,2024-07-03,USER_211,2024-06-03,16,2024-06-05,87.16,2,2024-06-03,10,10.0,2.03,False,Monday,Morning,1
CAMP_3,SNS,Discount,2024-06-14,2024-06-19,USER_341,2024-06-21,28,2024-06-24,0.0,0,2024-06-19,10,10.0,7.85,True,Friday,Morning,3
CAMP_4,Email,Free Shipping,2024-06-25,2024-07-02,USER_782,2024-06-05,23,2024-06-08,0.0,0,2024-06-05,1,100.0,8.88,True,Wednesday,Morning,1
CAMP_9,Display Ads,Points Reward,2024-06-30,2024-07-06,USER_257,2024-06-24,20,2024-06-25,0.0,0,2024-06-23,9,11.11,4.0,True,Monday,Afternoon,4
CAMP_8,Search Engine,Discount,2024-06-12,2024-06-19,USER_477,2024-06-09,26,2024-06-10,323.16,2,2024-06-07,6,16.67,7.16,True,Sunday,Morning,2
CAMP_1,Display Ads,Points Reward,2024-06-19,2024-06-23,USER_258,2024-06-04,2,2024-06-07,0.0,0,2024-06-03,1,100.0,29.93,True,Tuesday,Afternoon,1
CAMP_10,Display Ads,Discount,2024-06-18,2024-06-25,USER_276,2024-06-01,2,2024-06-03,21.82,10,2024-05-31,2,0.0,1.69,False,Saturday,Evening,1
CAMP_2,Search Engine,Points Reward,2024-06-01,2024-06-07,USER_909,2024-06-05,10,2024-06-05,80.58,10,2024-06-04,1,100.0,5.45,False,Wednesday,Morning,1
CAMP_10,Display Ads,Points Reward,2024-06-05,2024-06-06,USER_960,2024-06-22,10,2024-06-26,68.76,10,2024-06-20,5,20.0,1.74,False,Saturday,Afternoon,4
CAMP_4,Display Ads,Free Shipping,2024-06-12,2024-06-15,USER_690,2024-06-05,11,2024-06-07,75.04,9,2024-06-05,6,16.67,2.15,False,Wednesday,Afternoon,1
CAMP_4,Search Engine,Free Shipping,2024-06-18,2024-06-24,USER_437,2024-06-01,7,2024-06-05,0.0,0,2024-05-31,5,0.0,0.33,False,Saturday,Morning,1
CAMP_9,Display Ads,Free Shipping,2024-06-16,2024-06-21,USER_743,2024-06-30,13,2024-07-03,457.89,10,2024-06-29,2,50.0,12.63,True,Sunday,Morning,5
CAMP_10,SNS,Points Reward,2024-06-16,2024-06-19,USER_533,2024-06-01,3,2024-06-06,435.99,5,2024-06-01,6,16.67,15.86,True,Saturday,Evening,1
CAMP_7,Search Engine,Points Reward,2024-06-22,2024-06-23,USER_39,2024-06-10,12,2024-06-11,180.74,8,2024-06-09,5,20.0,11.0,True,Monday,Evening,2
CAMP_5,Affiliates,Bundle Offer,2024-06-28,2024-07-03,USER_16,2024-06-27,19,2024-07-01,140.9,7,2024-06-25,2,50.0,11.37,True,Thursday,Evening,4
CAMP_7,SNS,Discount,2024-06-11,2024-06-13,USER_149,2024-06-15,22,2024-06-15,287.0,8,2024-06-15,3,33.33,8.83,True,Saturday,Afternoon,3
CAMP_2,Email,Free Shipping,2024-06-06,2024-06-08,USER_639,2024-06-01,6,2024-06-05,68.68,8,2024-06-01,1,100.0,1.54,False,Saturday,Morning,1
CAMP_8,Affiliates,Bundle Offer,2024-06-25,2024-06-27,USER_522,2024-06-08,11,2024-06-12,162.26,2,2024-06-07,4,25.0,5.58,True,Saturday,Morning,2
CAMP_3,Email,Free Shipping,2024-06-15,2024-06-21,USER_936,2024-06-27,30,2024-07-01,0.0,0,2024-06-26,2,50.0,4.54,True,Thursday,Morning,4
CAMP_9,Search Engine,Bundle Offer,2024-06-13,2024-06-16,USER_258,2024-06-23,15,2024-06-24,0.0,0,2024-06-23,1,100.0,4.98,True,Sunday,Afternoon,4
CAMP_9,Search Engine,Free Shipping,2024-06-16,2024-06-17,USER_782,2024-06-18,7,2024-06-20,70.9,8,2024-06-18,3,33.33,3.29,False,Tuesday,Evening,3
CAMP_5,Email,Bundle Offer,2024-06-11,2024-06-12,USER_518,2024-06-22,23,2024-06-26,0.0,0,2024-06-21,1,100.0,18.19,True,Saturday,Morning,4
CAMP_2,Display Ads,Discount,2024-06-05,2024-06-11,USER_21,2024-06-29,27,2024-06-29,483.73,5,2024-06-29,3,33.33,16.24,True,Saturday,Evening,5
CAMP_4,SNS,Bundle Offer,2024-06-04,2024-06-10,USER_185,2024-06-02,7,2024-06-04,139.55,8,2024-06-02,2,50.0,4.52,True,Sunday,Evening,1
CAMP_4,SNS,Discount,2024-06-24,2024-06-27,USER_900,2024-06-20,9,2024-06-21,351.17,6,2024-06-18,7,14.29,33.03,True,Thursday,Evening,3
CAMP_6,SNS,Discount,2024-06-02,2024-06-08,USER_271,2024-06-28,1,2024-06-30,272.54,2,2024-06-27,3,33.33,7.14,True,Friday,Morning,4
CAMP_10,Display Ads,Bundle Offer,2024-06-04,2024-06-06,USER_768,2024-06-11,5,2024-06-15,0.0,0,2024-06-09,2,50.0,1.55,False,Tuesday,Morning,2
CAMP_9,Display Ads,Free Shipping,2024-06-15,2024-06-17,USER_531,2024-06-12,24,2024-06-15,242.7,7,2024-06-12,2,50.0,7.2,True,Wednesday,Evening,2
CAMP_10,Affiliates,Points Reward,2024-06-09,2024-06-16,USER_607,2024-06-15,9,2024-06-19,0.0,0,2024-06-14,9,11.11,45.67,True,Saturday,Afternoon,3
CAMP_4,Display Ads,Free Shipping,2024-06-17,2024-06-24,USER_69,2024-06-06,30,2024-06-10,487.17,3,2024-06-05,3,33.33,16.02,True,Thursday,Afternoon,1
CAMP_9,Display Ads,Bundle Offer,2024-06-05,2024-06-11,USER_199,2024-06-02,4,2024-06-07,0.0,0,2024-05-31,3,33.33,3.61,True,Sunday,Morning,1
CAMP_7,SNS,Points Reward,2024-06-24,2024-06-27,USER_443,2024-06-20,19,2024-06-25,0.0,0,2024-06-19,5,20.0,14.26,True,Thursday,Evening,3
CAMP_8,Display Ads,Discount,2024-06-30,2024-07-01,USER_167,2024-06-25,29,2024-06-25,0.0,0,2024-06-25,1,100.0,11.15,True,Tuesday,Morning,4
CAMP_4,Affiliates,Free Shipping,2024-06-01,2024-06-08,USER_938,2024-06-12,8,2024-06-17,61.3,10,2024-06-10,1,100.0,1.48,False,Wednesday,Morning,2
CAMP_7,SNS,Points Reward,2024-06-14,2024-06-20,USER_863,2024-06-26,28,2024-06-26,373.09,10,2024-06-26,10,10.0,8.52,True,Wednesday,Afternoon,4
CAMP_10,SNS,Discount,2024-06-27,2024-06-30,USER_720,2024-06-17,2,2024-06-21,474.87,7,2024-06-15,7,14.29,15.0,True,Monday,Afternoon,3
CAMP_5,SNS,Free Shipping,2024-06-16,2024-06-19,USER_162,2024-06-20,21,2024-06-25,482.52,4,2024-06-20,3,33.33,13.78,True,Thursday,Afternoon,3
CAMP_5,Affiliates,Points Reward,2024-06-19,2024-06-25,USER_469,2024-06-29,7,2024-06-30,51.6,10,2024-06-27,3,33.33,1.25,False,Saturday,Afternoon,5
CAMP_10,Display Ads,Discount,2024-06-22,2024-06-29,USER_698,2024-06-09,15,2024-06-11,150.45,7,2024-06-07,4,25.0,8.69,True,Sunday,Evening,2
CAMP_1,Email,Free Shipping,2024-06-11,2024-06-13,USER_802,2024-06-08,26,2024-06-12,186.67,3,2024-06-06,7,14.29,3.74,True,Saturday,Afternoon,2
CAMP_4,Display Ads,Free Shipping,2024-06-20,2024-06-26,USER_46,2024-06-04,1,2024-06-07,407.27,3,2024-06-03,4,25.0,8.73,True,Tuesday,Afternoon,1
CAMP_1,Affiliates,Free Shipping,2024-06-27,2024-07-02,USER_178,2024-06-02,1,2024-06-05,56.38,2,2024-05-31,3,33.33,2.1,False,Sunday,Morning,1
CAMP_2,Search Engine,Free Shipping,2024-06-13,2024-06-14,USER_89,2024-06-10,10,2024-06-11,218.21,1,2024-06-09,1,100.0,12.14,True,Monday,Evening,2
CAMP_5,SNS,Points Reward,2024-06-06,2024-06-13,USER_156,2024-06-27,28,2024-07-02,185.18,2,2024-06-26,10,10.0,4.32,True,Thursday,Morning,4
CAMP_5,Display Ads,Discount,2024-06-07,2024-06-09,USER_231,2024-06-26,19,2024-07-01,35.81,1,2024-06-25,7,0.0,0.89,False,Wednesday,Afternoon,4
CAMP_1,Search Engine,Bundle Offer,2024-06-29,2024-07-06,USER_798,2024-06-03,12,2024-06-08,0.0,0,2024-06-01,9,11.11,14.04,True,Monday,Evening,1
CAMP_2,SNS,Free Shipping,2024-06-10,2024-06-17,USER_331,2024-06-10,14,2024-06-14,110.33,7,2024-06-08,1,100.0,2.94,True,Monday,Evening,2
CAMP_5,Email,Discount,2024-06-30,2024-07-07,USER_933,2024-06-11,18,2024-06-15,472.15,8,2024-06-10,4,25.0,15.37,True,Tuesday,Afternoon,2
CAMP_10,Affiliates,Discount,2024-06-16,2024-06-18,USER_898,2024-06-25,19,2024-06-27,307.25,5,2024-06-25,8,12.5,29.53,True,Tuesday,Evening,4
CAMP_9,Display Ads,Bundle Offer,2024-06-29,2024-06-30,USER_834,2024-06-27,27,2024-06-30,238.55,9,2024-06-26,2,50.0,20.04,True,Thursday,Afternoon,4
CAMP_6,Email,Discount,2024-06-05,2024-06-12,USER_894,2024-06-25,2,2024-06-26,0.0,0,2024-06-24,3,33.33,15.37,True,Tuesday,Morning,4
CAMP_4,Search Engine,Points Reward,2024-06-21,2024-06-28,USER_122,2024-06-13,25,2024-06-15,487.69,8,2024-06-12,2,50.0,21.26,True,Thursday,Afternoon,2
CAMP_1,Display Ads,Points Reward,2024-06-04,2024-06-07,USER_353,2024-06-16,21,2024-06-18,338.56,6,2024-06-15,9,11.11,29.28,True,Sunday,Morning,3
CAMP_7,Display Ads,Free Shipping,2024-06-19,2024-06-26,USER_781,2024-06-03,2,2024-06-04,196.25,10,2024-06-01,3,33.33,4.18,True,Monday,Morning,1
CAMP_2,Search Engine,Bundle Offer,2024-06-07,2024-06-09,USER_864,2024-06-05,4,2024-06-08,0.0,0,2024-06-05,8,12.5,4.13,False,Wednesday,Evening,1
CAMP_4,Email,Points Reward,2024-06-03,2024-06-08,USER_637,2024-06-14,20,2024-06-16,139.59,2,2024-06-12,6,16.67,2.82,True,Friday,Morning,2
CAMP_1,Search Engine,Points Reward,2024-06-28,2024-07-02,USER_172,2024-06-08,1,2024-06-10,0.0,0,2024-06-08,5,20.0,23.87,True,Saturday,Morning,2
CAMP_10,SNS,Discount,2024-06-06,2024-06-13,USER_368,2024-06-10,18,2024-06-13,476.25,8,2024-06-09,8,12.5,16.56,True,Monday,Morning,2
CAMP_10,Search Engine,Free Shipping,2024-06-10,2024-06-11,USER_654,2024-06-10,24,2024-06-13,0.0,0,2024-06-10,3,33.33,2.42,False,Monday,Afternoon,2
CAMP_7,Display Ads,Discount,2024-06-26,2024-07-01,USER_712,2024-06-24,27,2024-06-24,11.45,9,2024-06-23,9,0.0,0.36,False,Monday,Afternoon,4
CAMP_9,Search Engine,Discount,2024-06-11,2024-06-16,USER_969,2024-06-05,27,2024-06-08,0.0,0,2024-06-05,2,50.0,10.0,True,Wednesday,Evening,1
CAMP_5,Email,Bundle Offer,2024-06-23,2024-06-28,USER_812,2024-06-06,25,2024-06-08,0.0,0,2024-06-05,7,14.29,12.8,True,Thursday,Afternoon,1
CAMP_8,SNS,Discount,2024-06-05,2024-06-11,USER_53,2024-06-16,19,2024-06-16,162.11,6,2024-06-14,4,25.0,6.79,True,Sunday,Afternoon,3
CAMP_2,SNS,Discount,2024-06-28,2024-07-05,USER_674,2024-06-07,22,2024-06-12,0.0,0,2024-06-07,1,100.0,10.1,True,Friday,Morning,1
CAMP_3,Display Ads,Free Shipping,2024-06-23,2024-06-24,USER_893,2024-06-08,11,2024-06-12,249.61,7,2024-06-06,4,25.0,12.38,True,Saturday,Evening,2
CAMP_4,Display Ads,Free Shipping,2024-06-08,2024-06-13,USER_472,2024-06-24,11,2024-06-26,202.74,1,2024-06-23,4,25.0,11.36,True,Monday,Evening,4
CAMP_3,Display Ads,Discount,2024-06-03,2024-06-04,USER_414,2024-06-07,7,2024-06-09,288.51,9,2024-06-05,7,14.29,7.27,True,Friday,Morning,1
CAMP_5,Email,Points Reward,2024-06-05,2024-06-07,USER_350,2024-06-17,9,2024-06-19,232.97,7,2024-06-15,1,100.0,8.88,True,Monday,Afternoon,3
CAMP_8,Search Engine,Points Reward,2024-06-11,2024-06-14,USER_477,2024-06-02,9,2024-06-07,0.0,0,2024-06-01,8,12.5,8.61,True,Sunday,Afternoon,1
CAMP_4,Affiliates,Free Shipping,2024-06-18,2024-06-20,USER_275,2024-06-18,18,2024-06-23,0.0,0,2024-06-18,9,11.11,6.01,True,Tuesday,Morning,3
CAMP_1,Search Engine,Discount,2024-06-03,2024-06-10,USER_77,2024-06-03,14,2024-06-05,0.0,0,2024-06-02,10,10.0,22.65,True,Monday,Afternoon,1
CAMP_5,Display Ads,Points Reward,2024-06-29,2024-07-06,USER_619,2024-06-07,10,2024-06-09,391.05,3,2024-06-07,2,50.0,8.93,True,Friday,Evening,1
CAMP_4,SNS,Free Shipping,2024-06-15,2024-06-19,USER_41,2024-06-12,13,2024-06-15,322.72,2,2024-06-12,9,11.11,29.03,True,Wednesday,Morning,2
CAMP_1,SNS,Points Reward,2024-06-11,2024-06-17,USER_935,2024-06-09,19,2024-06-12,20.35,8,2024-06-09,6,0.0,0.47,False,Sunday,Afternoon,2
CAMP_2,Search Engine,Points Reward,2024-06-03,2024-06-10,USER_516,2024-06-04,3,2024-06-08,469.28,8,2024-06-02,5,20.0,21.27,True,Tuesday,Morning,1
CAMP_3,Email,Bundle Offer,2024-06-27,2024-06-29,USER_625,2024-06-24,13,2024-06-24,0.0,0,2024-06-22,3,33.33,13.19,True,Monday,Evening,4
CAMP_6,Search Engine,Free Shipping,2024-06-08,2024-06-12,USER_392,2024-06-19,14,2024-06-23,0.0,0,2024-06-19,7,14.29,30.1,True,Wednesday,Afternoon,3
CAMP_7,Display Ads,Bundle Offer,2024-06-27,2024-07-03,USER_158,2024-06-11,21,2024-06-11,85.08,7,2024-06-11,3,33.33,3.42,False,Tuesday,Morning,2
CAMP_7,Affiliates,Free Shipping,2024-06-24,2024-07-01,USER_208,2024-06-18,15,2024-06-20,20.45,1,2024-06-18,5,0.0,0.44,False,Tuesday,Evening,3
CAMP_5,Email,Bundle Offer,2024-06-30,2024-07-06,USER_124,2024-06-09,9,2024-06-11,325.17,10,2024-06-09,9,11.11,8.11,True,Sunday,Morning,2
CAMP_5,SNS,Free Shipping,2024-06-08,2024-06-14,USER_178,2024-06-24,16,2024-06-29,496.92,1,2024-06-22,8,12.5,24.06,True,Monday,Morning,4
CAMP_7,Search Engine,Free Shipping,2024-06-30,2024-07-03,USER_924,2024-06-26,11,2024-06-26,82.14,7,2024-06-24,4,25.0,3.17,False,Wednesday,Evening,4
CAMP_1,Display Ads,Free Shipping,2024-06-12,2024-06-19,USER_150,2024-06-09,24,2024-06-12,183.92,9,2024-06-07,4,25.0,11.3,True,Sunday,Morning,2
CAMP_3,Affiliates,Free Shipping,2024-06-18,2024-06-25,USER_259,2024-06-01,4,2024-06-05,326.15,6,2024-05-30,1,100.0,7.32,True,Saturday,Morning,1
CAMP_10,Display Ads,Free Shipping,2024-06-06,2024-06-07,USER_898,2024-06-26,23,2024-06-27,0.0,0,2024-06-25,10,10.0,17.21,True,Wednesday,Evening,4
CAMP_8,SNS,Bundle Offer,2024-06-25,2024-06-27,USER_840,2024-06-14,3,2024-06-14,273.62,9,2024-06-14,8,12.5,12.21,True,Friday,Morning,2
CAMP_5,Display Ads,Discount,2024-06-24,2024-06-26,USER_268,2024-06-28,8,2024-07-01,0.0,0,2024-06-26,8,12.5,7.04,True,Friday,Morning,4
CAMP_1,Display Ads,Bundle Offer,2024-06-15,2024-06-18,USER_110,2024-06-20,16,2024-06-25,274.22,5,2024-06-19,6,16.67,16.86,True,Thursday,Afternoon,3
CAMP_10,Affiliates,Discount,2024-06-11,2024-06-12,USER_323,2024-06-06,17,2024-06-06,393.98,3,2024-06-04,4,25.0,8.84,True,Thursday,Afternoon,1
CAMP_10,Display Ads,Discount,2024-06-03,2024-06-05,USER_570,2024-06-26,25,2024-06-26,0.0,0,2024-06-24,4,25.0,12.4,True,Wednesday,Evening,4
CAMP_7,Display Ads,Bundle Offer,2024-06-16,2024-06-21,USER_691,2024-06-17,8,2024-06-17,0.0,0,2024-06-15,4,25.0,23.7,True,Monday,Afternoon,3
CAMP_2,Email,Discount,2024-06-02,2024-06-05,USER_958,2024-06-28,7,2024-06-28,282.98,6,2024-06-26,8,12.5,9.58,True,Friday,Morning,4
CAMP_10,Email,Discount,2024-06-16,2024-06-19,USER_197,2024-06-26,12,2024-06-26,0.0,0,2024-06-24,6,16.67,12.45,True,Wednesday,Morning,4
CAMP_2,Search Engine,Discount,2024-06-22,2024-06-29,USER_949,2024-06-16,23,2024-06-18,0.0,0,2024-06-14,7,14.29,2.61,False,Sunday,Evening,3
CAMP_3,Email,Discount,2024-06-16,2024-06-21,USER_275,2024-06-18,3,2024-06-19,0.0,0,2024-06-18,10,10.0,8.18,True,Tuesday,Morning,3
CAMP_6,SNS,Bundle Offer,2024-06-30,2024-07-03,USER_643,2024-06-13,10,2024-06-14,482.08,4,2024-06-11,1,100.0,27.17,True,Thursday,Evening,2
CAMP_8,Email,Discount,2024-06-16,2024-06-17,USER_394,2024-06-02,26,2024-06-04,469.32,5,2024-05-31,2,50.0,13.1,True,Sunday,Afternoon,1
CAMP_9,SNS,Bundle Offer,2024-06-13,2024-06-19,USER_600,2024-06-27,19,2024-06-28,0.0,0,2024-06-27,3,33.33,7.67,True,Thursday,Afternoon,4
CAMP_8,Email,Free Shipping,2024-06-20,2024-06-26,USER_102,2024-06-25,15,2024-06-29,0.0,0,2024-06-23,6,16.67,13.95,True,Tuesday,Morning,4
CAMP_10,Display Ads,Points Reward,2024-06-01,2024-06-06,USER_968,2024-06-27,9,2024-06-30,250.5,9,2024-06-26,3,33.33,6.42,True,Thursday,Evening,4
CAMP_5,Search Engine,Free Shipping,2024-06-22,2024-06-23,USER_810,2024-06-27,26,2024-06-30,269.32,8,2024-06-25,6,16.67,15.43,True,Thursday,Evening,4
CAMP_9,Search Engine,Bundle Offer,2024-06-06,2024-06-08,USER_527,2024-06-11,3,2024-06-11,382.96,7,2024-06-09,3,33.33,10.31,True,Tuesday,Evening,2
CAMP_7,Affiliates,Points Reward,2024-06-06,2024-06-09,USER_619,2024-06-24,28,2024-06-26,0.0,0,2024-06-23,8,12.5,6.42,True,Monday,Afternoon,4
CAMP_10,SNS,Points Reward,2024-06-01,2024-06-03,USER_118,2024-06-17,28,2024-06-17,269.22,3,2024-06-16,6,16.67,13.56,True,Monday,Afternoon,3
CAMP_3,SNS,Discount,2024-06-09,2024-06-14,USER_143,2024-06-25,13,2024-06-29,479.26,6,2024-06-23,3,33.33,13.75,True,Tuesday,Morning,4
CAMP_8,Search Engine,Discount,2024-06-09,2024-06-12,USER_865,2024-06-02,24,2024-06-02,0.0,0,2024-06-01,10,10.0,13.84,True,Sunday,Morning,1
CAMP_1,Affiliates,Free Shipping,2024-06-18,2024-06-19,USER_805,2024-06-05,8,2024-06-08,367.69,5,2024-06-03,1,100.0,8.57,True,Wednesday,Morning,1
CAMP_6,Search Engine,Discount,2024-06-30,2024-07-06,USER_560,2024-06-09,30,2024-06-14,13.65,10,2024-06-07,7,0.0,0.72,False,Sunday,Evening,2
CAMP_5,Search Engine,Bundle Offer,2024-06-08,2024-06-10,USER_850,2024-06-27,20,2024-07-02,101.92,2,2024-06-27,4,25.0,2.93,True,Thursday,Afternoon,4
CAMP_3,SNS,Points Reward,2024-06-16,2024-06-22,USER_1,2024-06-19,25,2024-06-20,450.15,9,2024-06-17,8,12.5,14.3,True,Wednesday,Evening,3
CAMP_7,Affiliates,Discount,2024-06-13,2024-06-17,USER_375,2024-06-03,27,2024-06-03,0.0,0,2024-06-03,10,10.0,8.54,True,Monday,Morning,1
CAMP_3,Email,Bundle Offer,2024-06-06,2024-06-10,USER_13,2024-06-25,16,2024-06-26,369.36,3,2024-06-23,7,14.29,8.37,True,Tuesday,Afternoon,4
CAMP_1,Search Engine,Free Shipping,2024-06-17,2024-06-23,USER_398,2024-06-27,15,2024-07-02,0.0,0,2024-06-26,6,16.67,24.08,True,Thursday,Morning,4
CAMP_9,Affiliates,Discount,2024-06-09,2024-06-13,USER_365,2024-06-07,13,2024-06-11,334.2,7,2024-06-07,2,50.0,9.18,True,Friday,Afternoon,1
CAMP_9,Search Engine,Discount,2024-06-16,2024-06-19,USER_203,2024-06-25,10,2024-06-28,18.79,1,2024-06-25,6,0.0,0.41,False,Tuesday,Morning,4
CAMP_10,SNS,Free Shipping,2024-06-20,2024-06-27,USER_24,2024-06-20,17,2024-06-22,287.77,2,2024-06-18,3,33.33,6.55,True,Thursday,Morning,3
CAMP_5,Email,Free Shipping,2024-06-23,2024-06-28,USER_397,2024-06-06,22,2024-06-06,0.0,0,2024-06-04,2,50.0,10.63,True,Thursday,Morning,1
CAMP_8,Affiliates,Discount,2024-06-22,2024-06-29,USER_308,2024-06-05,8,2024-06-08,159.01,2,2024-06-04,2,50.0,4.63,True,Wednesday,Afternoon,1
CAMP_7,SNS,Free Shipping,2024-06-02,2024-06-08,USER_871,2024-06-05,2,2024-06-05,440.18,9,2024-06-04,3,33.33,11.97,True,Wednesday,Evening,1
CAMP_7,Email,Discount,2024-06-16,2024-06-20,USER_118,2024-06-29,14,2024-06-30,400.12,1,2024-06-28,8,12.5,8.02,True,Saturday,Evening,5
CAMP_10,Search Engine,Free Shipping,2024-06-09,2024-06-10,USER_904,2024-06-18,14,2024-06-18,329.83,5,2024-06-18,8,12.5,6.87,True,Tuesday,Morning,3
CAMP_5,SNS,Bundle Offer,2024-06-27,2024-07-02,USER_174,2024-06-02,21,2024-06-04,70.87,9,2024-06-02,9,11.11,2.12,False,Sunday,Evening,1
CAMP_4,Search Engine,Free Shipping,2024-06-27,2024-07-01,USER_52,2024-06-23,4,2024-06-26,0.0,0,2024-06-21,7,14.29,21.17,True,Sunday,Evening,4
CAMP_10,Affiliates,Discount,2024-06-03,2024-06-06,USER_971,2024-06-02,24,2024-06-03,188.45,10,2024-06-01,10,10.0,5.51,True,Sunday,Evening,1
CAMP_6,Email,Free Shipping,2024-06-29,2024-07-03,USER_111,2024-06-22,15,2024-06-26,31.77,1,2024-06-22,3,0.0,0.79,False,Saturday,Morning,4
CAMP_3,Affiliates,Free Shipping,2024-06-27,2024-07-01,USER_321,2024-06-11,19,2024-06-14,0.0,0,2024-06-11,9,11.11,14.53,True,Tuesday,Afternoon,2
CAMP_4,Affiliates,Bundle Offer,2024-06-02,2024-06-05,USER_278,2024-06-21,16,2024-06-24,0.0,0,2024-06-21,2,50.0,9.31,True,Friday,Morning,3
CAMP_3,Search Engine,Free Shipping,2024-06-09,2024-06-13,USER_89,2024-06-07,16,2024-06-07,421.22,5,2024-06-06,6,16.67,32.7,True,Friday,Morning,1
CAMP_10,Affiliates,Points Reward,2024-06-24,2024-06-30,USER_843,2024-06-26,16,2024-07-01,485.47,6,2024-06-26,2,50.0,11.23,True,Wednesday,Morning,4
CAMP_10,SNS,Points Reward,2024-06-18,2024-06-23,USER_256,2024-06-23,6,2024-06-28,0.0,0,2024-06-23,8,12.5,6.83,True,Sunday,Evening,4
CAMP_7,Email,Discount,2024-06-11,2024-06-13,USER_474,2024-06-02,20,2024-06-03,0.0,0,2024-06-02,5,20.0,2.57,True,Sunday,Afternoon,1
CAMP_5,Email,Points Reward,2024-06-10,2024-06-16,USER_588,2024-06-21,6,2024-06-26,24.1,3,2024-06-20,8,0.0,0.77,False,Friday,Morning,3
CAMP_4,Affiliates,Points Reward,2024-06-05,2024-06-06,USER_260,2024-06-30,9,2024-07-02,0.0,0,2024-06-29,5,20.0,15.64,True,Sunday,Afternoon,5
CAMP_1,Display Ads,Discount,2024-06-19,2024-06-25,USER_497,2024-06-10,15,2024-06-10,0.0,0,2024-06-08,1,100.0,9.91,True,Monday,Evening,2
CAMP_1,Affiliates,Free Shipping,2024-06-10,2024-06-13,USER_245,2024-06-01,22,2024-06-06,0.0,0,2024-05-30,8,12.5,15.95,True,Saturday,Evening,1
CAMP_2,Affiliates,Bundle Offer,2024-06-26,2024-06-28,USER_195,2024-06-09,4,2024-06-14,0.0,0,2024-06-07,8,12.5,7.77,True,Sunday,Morning,2
CAMP_4,SNS,Discount,2024-06-21,2024-06-26,USER_681,2024-06-03,26,2024-06-03,0.0,0,2024-06-01,10,10.0,35.78,True,Monday,Morning,1
CAMP_5,Search Engine,Bundle Offer,2024-06-15,2024-06-17,USER_65,2024-06-18,10,2024-06-21,238.69,4,2024-06-16,5,20.0,5.31,True,Tuesday,Morning,3
CAMP_6,Display Ads,Points Reward,2024-06-03,2024-06-08,USER_542,2024-06-29,17,2024-06-29,164.55,6,2024-06-27,9,11.11,3.6,True,Saturday,Morning,5
CAMP_3,Affiliates,Free Shipping,2024-06-03,2024-06-08,USER_919,2024-06-26,21,2024-06-27,299.1,6,2024-06-25,7,14.29,6.9,True,Wednesday,Afternoon,4
CAMP_4,Email,Bundle Offer,2024-06-08,2024-06-15,USER_859,2024-06-06,4,2024-06-09,56.18,2,2024-06-04,10,10.0,1.31,False,Thursday,Evening,1
CAMP_9,Email,Bundle Offer,2024-06-16,2024-06-21,USER_375,2024-06-30,4,2024-07-05,0.0,0,2024-06-28,10,10.0,12.3,True,Sunday,Afternoon,5
CAMP_3,SNS,Bundle Offer,2024-06-09,2024-06-16,USER_860,2024-06-05,7,2024-06-09,174.51,7,2024-06-03,10,10.0,9.61,True,Wednesday,Morning,1
CAMP_10,SNS,Points Reward,2024-06-15,2024-06-16,USER_799,2024-06-08,29,2024-06-13,164.64,5,2024-06-07,7,14.29,5.94,True,Saturday,Afternoon,2
CAMP_5,SNS,Points Reward,2024-06-14,2024-06-17,USER_744,2024-06-22,28,2024-06-27,68.6,2,2024-06-20,6,16.67,3.44,False,Saturday,Afternoon,4
CAMP_9,Affiliates,Bundle Offer,2024-06-18,2024-06-20,USER_621,2024-06-08,24,2024-06-12,465.6,2,2024-06-08,7,14.29,27.85,True,Saturday,Afternoon,2
CAMP_3,SNS,Bundle Offer,2024-06-28,2024-07-04,USER_991,2024-06-08,1,2024-06-11,479.9,8,2024-06-08,1,100.0,24.97,True,Saturday,Evening,2
CAMP_5,Affiliates,Discount,2024-06-20,2024-06-24,USER_907,2024-06-19,21,2024-06-22,0.0,0,2024-06-17,4,0.0,0.7,False,Wednesday,Afternoon,3
CAMP_1,Display Ads,Bundle Offer,2024-06-04,2024-06-09,USER_996,2024-06-27,8,2024-06-29,0.0,0,2024-06-27,6,16.67,10.19,True,Thursday,Morning,4
CAMP_2,SNS,Discount,2024-06-22,2024-06-27,USER_254,2024-06-27,22,2024-06-27,0.0,0,2024-06-25,1,100.0,12.06,True,Thursday,Morning,4
CAMP_1,Email,Free Shipping,2024-06-12,2024-06-14,USER_859,2024-06-27,4,2024-07-01,266.88,6,2024-06-25,8,12.5,8.51,True,Thursday,Evening,4
CAMP_9,Display Ads,Discount,2024-06-04,2024-06-09,USER_601,2024-06-22,8,2024-06-26,0.0,0,2024-06-20,5,20.0,12.73,True,Saturday,Evening,4
CAMP_8,Search Engine,Free Shipping,2024-06-15,2024-06-16,USER_337,2024-06-14,1,2024-06-19,317.45,10,2024-06-13,3,33.33,6.58,True,Friday,Afternoon,2
CAMP_3,Search Engine,Discount,2024-06-08,2024-06-15,USER_510,2024-06-30,9,2024-07-01,0.0,0,2024-06-29,5,20.0,2.36,True,Sunday,Morning,5
CAMP_5,Search Engine,Discount,2024-06-19,2024-06-20,USER_681,2024-06-08,21,2024-06-11,228.89,8,2024-06-07,8,12.5,7.68,True,Saturday,Morning,2
CAMP_2,Display Ads,Free Shipping,2024-06-30,2024-07-01,USER_734,2024-06-26,12,2024-07-01,282.91,5,2024-06-25,9,11.11,19.18,True,Wednesday,Afternoon,4
CAMP_3,Email,Bundle Offer,2024-06-02,2024-06-06,USER_176,2024-06-08,21,2024-06-13,0.0,0,2024-06-08,8,12.5,16.49,True,Saturday,Morning,2
CAMP_9,Affiliates,Free Shipping,2024-06-25,2024-06-29,USER_722,2024-06-07,29,2024-06-10,45.58,10,2024-06-05,5,0.0,1.05,False,Friday,Afternoon,1
CAMP_8,SNS,Bundle Offer,2024-06-02,2024-06-04,USER_637,2024-06-01,15,2024-06-02,0.0,0,2024-05-30,9,11.11,4.79,True,Saturday,Morning,1
CAMP_3,Search Engine,Points Reward,2024-06-22,2024-06-26,USER_808,2024-06-01,15,2024-06-01,0.0,0,2024-05-31,6,16.67,3.09,False,Saturday,Evening,1
CAMP_9,Affiliates,Points Reward,2024-06-28,2024-07-02,USER_305,2024-06-18,3,2024-06-21,100.44,10,2024-06-17,9,11.11,3.57,True,Tuesday,Morning,3
CAMP_1,Display Ads,Points Reward,2024-06-28,2024-06-30,USER_620,2024-06-24,1,2024-06-24,0.0,0,2024-06-24,7,14.29,13.74,True,Monday,Morning,4
CAMP_3,Affiliates,Free Shipping,2024-06-18,2024-06-21,USER_106,2024-06-30,6,2024-07-03,282.69,3,2024-06-29,3,33.33,8.43,True,Sunday,Afternoon,5
CAMP_8,Email,Free Shipping,2024-06-01,2024-06-05,USER_10,2024-06-22,19,2024-06-24,0.0,0,2024-06-21,4,25.0,10.63,True,Saturday,Afternoon,4
CAMP_10,Affiliates,Bundle Offer,2024-06-20,2024-06-22,USER_957,2024-06-06,7,2024-06-06,198.3,1,2024-06-04,8,12.5,5.99,True,Thursday,Evening,1
CAMP_10,Display Ads,Free Shipping,2024-06-12,2024-06-14,USER_551,2024-06-18,6,2024-06-23,201.24,8,2024-06-17,4,25.0,7.89,True,Tuesday,Morning,3
CAMP_9,Display Ads,Free Shipping,2024-06-25,2024-06-30,USER_442,2024-06-22,14,2024-06-24,199.34,1,2024-06-22,2,50.0,7.02,True,Saturday,Afternoon,4
CAMP_3,Affiliates,Discount,2024-06-11,2024-06-18,USER_523,2024-06-08,18,2024-06-12,0.0,0,2024-06-07,5,20.0,7.14,True,Saturday,Afternoon,2
CAMP_7,Display Ads,Free Shipping,2024-06-17,2024-06-19,USER_589,2024-06-23,5,2024-06-28,34.58,7,2024-06-22,5,0.0,1.16,False,Sunday,Evening,4
CAMP_4,Search Engine,Free Shipping,2024-06-22,2024-06-28,USER_208,2024-06-23,4,2024-06-25,0.0,0,2024-06-21,9,11.11,11.23,True,Sunday,Evening,4
CAMP_10,Email,Bundle Offer,2024-06-21,2024-06-23,USER_67,2024-06-30,29,2024-07-03,377.6,9,2024-06-30,7,14.29,13.18,True,Sunday,Morning,5
CAMP_1,Affiliates,Discount,2024-06-30,2024-07-04,USER_53,2024-06-23,22,2024-06-26,421.06,2,2024-06-23,8,12.5,13.91,True,Sunday,Afternoon,4
CAMP_3,Search Engine,Free Shipping,2024-06-30,2024-07-02,USER_441,2024-06-20,26,2024-06-22,55.93,7,2024-06-18,2,50.0,5.59,False,Thursday,Morning,3
CAMP_9,Affiliates,Free Shipping,2024-06-26,2024-06-30,USER_558,2024-06-25,28,2024-06-29,0.0,0,2024-06-25,2,0.0,0.81,False,Tuesday,Evening,4
CAMP_10,SNS,Bundle Offer,2024-06-04,2024-06-06,USER_778,2024-06-09,5,2024-06-10,0.0,0,2024-06-07,5,20.0,15.65,True,Sunday,Afternoon,2
CAMP_10,SNS,Points Reward,2024-06-15,2024-06-18,USER_852,2024-06-16,6,2024-06-20,88.04,8,2024-06-16,5,20.0,2.22,False,Sunday,Evening,3
CAMP_5,Affiliates,Free Shipping,2024-06-09,2024-06-14,USER_315,2024-06-16,21,2024-06-16,330.93,1,2024-06-16,9,11.11,7.29,True,Sunday,Afternoon,3
CAMP_10,Display Ads,Discount,2024-06-29,2024-07-01,USER_941,2024-06-01,21,2024-06-03,297.51,5,2024-06-01,5,20.0,14.12,True,Saturday,Evening,1
CAMP_9,Email,Discount,2024-06-15,2024-06-20,USER_5,2024-06-02,16,2024-06-03,339.82,3,2024-05-31,1,100.0,10.63,True,Sunday,Afternoon,1
CAMP_1,Search Engine,Discount,2024-06-08,2024-06-12,USER_861,2024-06-26,12,2024-06-26,361.78,7,2024-06-26,10,10.0,34.17,True,Wednesday,Morning,4
CAMP_9,SNS,Free Shipping,2024-06-19,2024-06-22,USER_431,2024-06-05,22,2024-06-08,222.75,9,2024-06-05,1,100.0,12.1,True,Wednesday,Morning,1
CAMP_8,Affiliates,Free Shipping,2024-06-08,2024-06-14,USER_947,2024-06-19,5,2024-06-23,0.0,0,2024-06-18,4,25.0,2.34,True,Wednesday,Afternoon,3
CAMP_5,Affiliates,Free Shipping,2024-06-10,2024-06-17,USER_813,2024-06-09,22,2024-06-09,74.29,4,2024-06-09,2,50.0,2.58,False,Sunday,Afternoon,2
CAMP_9,Email,Discount,2024-06-16,2024-06-21,USER_341,2024-06-05,1,2024-06-06,292.65,5,2024-06-04,6,16.67,6.68,True,Wednesday,Morning,1
CAMP_7,Affiliates,Discount,2024-06-07,2024-06-12,USER_706,2024-06-22,15,2024-06-22,134.28,5,2024-06-21,8,12.5,3.68,True,Saturday,Evening,4
CAMP_9,Display Ads,Discount,2024-06-19,2024-06-25,USER_934,2024-06-02,27,2024-06-04,317.96,10,2024-06-02,7,14.29,13.15,True,Sunday,Morning,1
CAMP_1,Display Ads,Bundle Offer,2024-06-23,2024-06-30,USER_216,2024-06-08,25,2024-06-08,0.0,0,2024-06-06,7,14.29,4.1,True,Saturday,Morning,2
CAMP_2,Email,Points Reward,2024-06-17,2024-06-18,USER_376,2024-06-09,20,2024-06-12,360.61,4,2024-06-07,6,16.67,9.85,True,Sunday,Afternoon,2
CAMP_4,Email,Free Shipping,2024-06-12,2024-06-13,USER_819,2024-06-08,21,2024-06-11,176.0,1,2024-06-08,4,25.0,4.44,True,Saturday,Morning,2
CAMP_10,Email,Points Reward,2024-06-11,2024-06-17,USER_11,2024-06-04,17,2024-06-05,22.14,5,2024-06-03,9,0.0,0.68,False,Tuesday,Afternoon,1
CAMP_7,SNS,Free Shipping,2024-06-16,2024-06-18,USER_253,2024-06-30,14,2024-07-04,185.09,8,2024-06-28,8,12.5,4.03,True,Sunday,Morning,5
CAMP_4,SNS,Free Shipping,2024-06-01,2024-06-06,USER_360,2024-06-28,10,2024-06-30,0.0,0,2024-06-27,6,16.67,17.42,True,Friday,Afternoon,4
CAMP_7,Display Ads,Bundle Offer,2024-06-13,2024-06-19,USER_288,2024-06-15,14,2024-06-18,339.4,1,2024-06-13,9,11.11,15.18,True,Saturday,Evening,3
